"case","tag","m","cond","d2_parent","d2_imag","X","Y"
1,"generic",3,10,1.83977748476982,0," 3.0521551785098882;-1.4826949687075004; 1.9876583927803066;-1.4826949687075004; 2.0738664305491605;-1.3098020575807432; 1.9876583927803069;-1.3098020575807432; 9.0362560511093353"," 6.96682510402590083;-2.72386571770583430; 3.12753237732690259;-2.72386571770583430; 2.69072936838997467;-0.51428882890878924; 3.12753237732690259;-0.51428882890878924; 4.50472318775250535"
2,"identical",3,10,1.77635683940025e-14,0," 2.18406145348226488; 0.43418032546320018; 0.98674774130373466; 0.43418032546320029; 8.34589225527039602;-3.24482768593553939; 0.98674774130373466;-3.24482768593553939; 3.63232395141572040"," 2.18406145348226488; 0.43418032546320018; 0.98674774130373466; 0.43418032546320029; 8.34589225527039602;-3.24482768593553939; 0.98674774130373466;-3.24482768593553939; 3.63232395141572040"
3,"near",3,10,6.08935124546406e-12,0," 2.18406145348226488; 0.43418032546320018; 0.98674774130373466; 0.43418032546320029; 8.34589225527039602;-3.24482768593553939; 0.98674774130373466;-3.24482768593553939; 3.63232395141572040"," 2.18406105837919773; 0.43418540534576144; 0.98674306663373301; 0.43418540534576155; 8.34589196608536810;-3.24482932161043802; 0.98674306663373301;-3.24482932161043802; 3.63232712850682926"
4,"generic",3,1000,140.403764522377,0," 502.84362884218893;-342.07286094621554; 361.04472949320893;-342.07286094621554; 237.26992368545527;-236.17402936946050; 361.04472949320893;-236.17402936946053; 292.50922407403942"," 216.29801546561276;-262.38110535966348; 288.99132524986106;-262.38110535966348; 401.99188407400419;-397.63507113362135; 288.99132524986112;-397.63507113362141; 414.33287706206664"
5,"identical",3,1000,NA,NA,"269.1267923190051761; 22.7149947063040791;418.7768571726238065; 22.7149947063040791;  8.7739704420958127; 59.6213667547300901;418.7768571726238633; 59.6213667547300901;754.7220138405823491","269.1267923190051761; 22.7149947063040791;418.7768571726238065; 22.7149947063040791;  8.7739704420958127; 59.6213667547300901;418.7768571726238633; 59.6213667547300901;754.7220138405823491"
6,"near",3,1000,1.28084138850681e-08,0,"269.1267923190051761; 22.7149947063040791;418.7768571726238065; 22.7149947063040791;  8.7739704420958127; 59.6213667547300901;418.7768571726238633; 59.6213667547300901;754.7220138405823491","269.1263445572527644; 22.7147066401497000;418.7768986189903444; 22.7147066401497000;  8.7743389427264926; 59.6212481798873171;418.7768986189904012; 59.6212481798873171;754.7213303218259171"
7,"generic",3,1e+05,13875.6316471095,0," 1455.7792741903993; 7625.5414724060811; 7885.8846561363835; 7625.5414724060802;46527.1184161492638;49262.8345510588115; 7885.8846561363844;49262.8345510588188;52334.3300756771787","10155.256411848688;13010.882333518997;27257.371129820120;13010.882333518997;16964.636222117224;34834.087727513426;27257.371129820116;34834.087727513426;73197.335132050954"
8,"identical",3,1e+05,2.2302265278995e-07,0,"  3837.6131298326472; 15141.6059773913166;-10585.1294492166980; 15141.6059773913166; 65243.6157269686883;-45112.7992448837904;-10585.1294492166999;-45112.7992448837904; 31235.9989092155120","  3837.6131298326472; 15141.6059773913166;-10585.1294492166980; 15141.6059773913166; 65243.6157269686883;-45112.7992448837904;-10585.1294492166999;-45112.7992448837904; 31235.9989092155120"
9,"near",3,1e+05,0.000878945167642087,0,"  3837.6131298326472; 15141.6059773913166;-10585.1294492166980; 15141.6059773913166; 65243.6157269686883;-45112.7992448837904;-10585.1294492166999;-45112.7992448837904; 31235.9989092155120","  3837.6599089629781; 15141.5912222288971;-10585.1361793358101; 15141.5912222288971; 65243.5916513996053;-45112.7745289483355;-10585.1361793358119;-45112.7745289483355; 31236.0729659935023"
10,"generic",12,10,11.2533667165955,0," 3.168948595485895581; 0.227021208862027812; 0.632866958283866521;-0.028900720502972155;-0.104643246280588742;-1.228982008227336831;-0.209526553974413554; 0.465020927468018874;-1.529668019906423648; 0.665454566889848498; 0.210786798602998926;-0.463770745160642817; 0.227021208862027646; 3.674135422426415332;-0.632621431469720830; 0.215898423506316356; 0.436482676759144983;-0.765203238307326838;-0.524520748764379929; 0.631351777495380073; 0.190140694333351346;-0.473228389300186014; 0.190806474653716529; 0.548994821274373823; 0.632866958283866521;-0.632621431469720941; 2.919512646356627439;-0.568264050477244487;-0.727571443840863030;-0.178788142178742282; 0.514658379781355979; 0.034197320469539050;-0.824048000316123241; 1.130596411404460211; 0.132030904500699653;-0.212140155946189402;-0.028900720502972099; 0.215898423506316356;-0.568264050477244487; 4.427522978829405709; 1.225267740955554796;-0.363556815299521219;-1.454582574597266698;-1.592752588681768167;-0.274208740276023377; 0.528637236041173519; 0.503161135953257288; 0.744097730659405543;-0.104643246280589075; 0.436482676759144983;-0.727571443840863141; 1.225267740955554574; 4.017795398064260226;-0.176911468394329363;-1.492817643763836966;-0.126215165348868563;-0.695601375052617765; 0.248995592899756979;-0.143926754374559596; 1.261597113152651994;-1.228982008227336831;-0.765203238307326838;-0.178788142178742226;-0.363556815299521219;-0.176911468394329252; 2.970400810082995502; 0.806372843284677288;-0.064485002078375930; 0.616953752773935271;-0.309635372988354862;-0.746025470938183499; 0.548203709808499418;-0.209526553974413554;-0.524520748764380040; 0.514658379781355868;-1.454582574597266920;-1.492817643763836966; 0.806372843284677399; 4.958648633308987641;-1.934348548744253771; 1.097350976822223600;-1.445757269748905838;-1.352241905573447589; 0.314547698983428103; 0.465020927468018763; 0.631351777495380073; 0.034197320469539133;-1.592752588681768167;-0.126215165348868785;-0.064485002078375819;-1.934348548744253993; 5.051978321478050482;-1.295654393694816164; 0.901700223449048655; 0.518391636383407683;-1.023714195691545203;-1.529668019906423426; 0.190140694333351234;-0.824048000316123019;-0.274208740276023377;-0.695601375052617765; 0.616953752773935160; 1.097350976822223156;-1.295654393694816164; 4.544885094143591431;-1.557090055110401439;-0.195743657779573810;-0.914054410481042190; 0.665454566889848276;-0.473228389300185792; 1.130596411404460211; 0.528637236041173630; 0.248995592899756979;-0.309635372988354973;-1.445757269748905616; 0.901700223449048655;-1.557090055110401439; 3.036685573917539571;-0.150710229963895603; 0.680211317301209539; 0.210786798602998815; 0.190806474653716529; 0.132030904500699653; 0.503161135953257288;-0.143926754374559596;-0.746025470938183721;-1.352241905573447367; 0.518391636383407461;-0.195743657779573588;-0.150710229963895603; 4.678082680129154625;-1.025130186273624622;-0.463770745160642761; 0.548994821274373712;-0.212140155946189402; 0.744097730659405543; 1.261597113152652216; 0.548203709808499418; 0.314547698983428214;-1.023714195691544981;-0.914054410481042301; 0.680211317301209539;-1.025130186273624844; 5.203437460528471448"," 4.3733307032210326781;-0.6839373583341781249; 0.2842598206444936215; 0.5366882359368910782;-0.0534292340866606708; 1.4798767451533847428;-0.7263536511936429241; 0.7402069193249505297;-1.6352401527024493788; 1.1065286156350930824; 0.5399769858464396055; 0.1890950328195979135;-0.6839373583341783469; 2.6323676979019756672;-0.3130019243849848642;-0.0081402785472992883; 0.1395442599560609009;-0.2389075163733839768; 0.3291520184726959286; 0.1017785419884761899; 0.5378828849739920592;-0.2712238178311970893; 0.2649298748008566129;-0.4772584519147969884; 0.2842598206444938436;-0.3130019243849849753; 3.4506611094559360708;-0.0646656344683991524;-1.3984073699068115815; 0.2153408762493106421; 0.5238265350970418011;-0.4590227025740518663; 0.0641652945097179739;-1.2111704277164216936; 0.8474958356929871428; 0.4045269484105901703; 0.5366882359368913002;-0.0081402785472993403;-0.0646656344683992079; 3.5185442689758348322;-0.8049453593894408954; 0.0667627627641093346; 0.1886738491934767392; 0.0609503579586833794; 0.2032545941569265102; 0.7025874797331316257; 0.1356732351622247645;-0.6256759819837538483;-0.0534292340866602267; 0.1395442599560609009;-1.3984073699068115815;-0.8049453593894406733; 4.4646501905330815418; 1.2786922854146178796;-0.1071201213158603505; 0.1101672033974083476;-1.1948468081259493445; 1.8213829352714183685;-0.5358482408966450672;-0.5154320994787582322; 1.4798767451533845207;-0.2389075163733839768; 0.2153408762493107531; 0.0667627627641093624; 1.2786922854146176576; 4.0243236146662502151;-0.6100909973636413630;-0.0158343168399299739;-1.7588411993481445350; 1.0321179876492689864; 0.3597657197348859692; 0.7642789635114248803;-0.7263536511936429241; 0.3291520184726959286; 0.5238265350970419121; 0.1886738491934767392;-0.1071201213158602394;-0.6100909973636414740; 3.1843367671406697106; 1.4288379540756639408;-0.9368779706816139363;-0.0112018961282840113;-0.1855986487547116870;-0.2021265652022686821; 0.7402069193249505297; 0.1017785419884761899;-0.4590227025740518663; 0.0609503579586833447; 0.1101672033974083476;-0.0158343168399299739; 1.4288379540756639408; 7.4892039153801812645; 0.1108529816671029455;-0.7750385953605982703;-0.1027618758345077710; 0.0700592926141002104;-1.6352401527024493788; 0.5378828849739919482; 0.0641652945097179739; 0.2032545941569265657;-1.1948468081259491225;-1.7588411993481445350;-0.9368779706816139363; 0.1108529816671029455; 4.7213726519562371209;-1.7006706753564582169; 0.6536637209684935668;-0.5621748049547302672; 1.1065286156350930824;-0.2712238178311970893;-1.2111704277164219157; 0.7025874797331315147; 1.8213829352714183685; 1.0321179876492692085;-0.0112018961282839558;-0.7750385953605982703;-1.7006706753564582169; 4.6418825054317220946; 0.1363006105479582231;-1.4032097908195957370; 0.5399769858464397165; 0.2649298748008565574; 0.8474958356929871428; 0.1356732351622246535;-0.5358482408966451782; 0.3597657197348859692;-0.1855986487547117147;-0.1027618758345078126; 0.6536637209684936778; 0.1363006105479582231; 2.7002145750093187182;-0.3546820015153057670; 0.1890950328195980246;-0.4772584519147970994; 0.4045269484105900593;-0.6256759819837538483;-0.5154320994787582322; 0.7642789635114247693;-0.2021265652022687376; 0.0700592926141002104;-0.5621748049547303783;-1.4032097908195957370;-0.3546820015153057115; 3.4511456150791581798"
11,"identical",12,10,0,0," 3.4325430911764329700;-0.6714554123992981793;-0.3362605523152193410;-0.4590931935707857625;-0.0776404763962990074; 0.4102771513384878554;-1.1637800404258908937; 0.5737339627468519554; 0.3850864680399916917; 0.0436617445308389029; 0.4993970152807277185; 0.9568872963503988194;-0.6714554123992980683; 6.9347022458937370715;-1.5415752257700943151; 0.2786380877461968053;-0.1372637333694065043; 0.3335859086412908958;-0.7104570186869679782; 0.8803234815207314767; 0.1363540634563211729;-0.2420517037298508534; 1.1296472433462914076; 0.4584984124267945660;-0.3362605523152195630;-1.5415752257700943151; 3.6063835658520670968; 0.1124804524797368144; 0.0761543788601696248; 0.3460618990315295074; 0.5676482822979336262;-0.7086949465940810544; 0.5540125254932340981;-0.1534173799357265444; 0.2133165677487179335; 0.9848780465519173521;-0.4590931935707857625; 0.2786380877461968053; 0.1124804524797368005; 2.9046887768531686191; 0.1485531068953820644;-0.5032018657324425215;-0.3473569189700558280;-0.6469946964579431636; 0.0039066927038198911;-0.0600379646384067711;-0.0242429423222693397; 0.4095444703342893122;-0.0776404763962989658;-0.1372637333694062822; 0.0761543788601697358; 0.1485531068953819533; 3.2548976730011962566;-0.8013484193936314393; 0.6685809233211877922;-1.1990188663704584027;-0.1349534494778578120; 0.8778633015185268729; 0.9869217915249112183; 0.5656446835628969882; 0.4102771513384876334; 0.3335859086412908958; 0.3460618990315295074;-0.5032018657324425215;-0.8013484193936314393; 2.8277110350540612949;-0.1771677272655357294; 1.1942091765113500568; 1.0291624155265266527; 0.3546538761964198594; 0.5708544422957630982; 0.6778622377749781158;-1.1637800404258908937;-0.7104570186869676451; 0.5676482822979336262;-0.3473569189700559945; 0.6685809233211877922;-0.1771677272655358404; 3.8992305830538969147;-0.5712245985132270443;-0.4865390338378986490; 1.6851935390225141198;-1.0225589468583520247;-0.3561347216476871136; 0.5737339627468519554; 0.8803234815207314767;-0.7086949465940810544;-0.6469946964579432747;-1.1990188663704581806; 1.1942091765113498347;-0.5712245985132271553; 3.1976259978123477978; 0.3740916530330000711;-0.0269671534978369737;-0.1802485979082215639; 0.2509970570952585467; 0.3850864680399916917; 0.1363540634563211729; 0.5540125254932340981; 0.0039066927038199778;-0.1349534494778578675; 1.0291624155265266527;-0.4865390338378987600; 0.3740916530330001821; 2.1292670408664768900;-0.3234783390889057197; 0.2096747416629166083; 0.0449019187015819443; 0.0436617445308388752;-0.2420517037298508534;-0.1534173799357264334;-0.0600379646384065074; 0.8778633015185268729; 0.3546538761964196373; 1.6851935390225145639;-0.0269671534978369876;-0.3234783390889057197; 4.5789307121447109239; 0.3174825479576325882;-0.3369502086445467226; 0.4993970152807279961; 1.1296472433462911855; 0.2133165677487178780;-0.0242429423222693119; 0.9869217915249111073; 0.5708544422957630982;-1.0225589468583522468;-0.1802485979082214529; 0.2096747416629166638; 0.3174825479576325882; 4.5246242629730417661; 2.5642251655930898835; 0.9568872963503989304; 0.4584984124267941219; 0.9848780465519174632; 0.4095444703342893122; 0.5656446835628967662; 0.6778622377749782268;-0.3561347216476871136; 0.2509970570952585467; 0.0449019187015818333;-0.3369502086445467226; 2.5642251655930894394; 7.3614286300702609367"," 3.4325430911764329700;-0.6714554123992981793;-0.3362605523152193410;-0.4590931935707857625;-0.0776404763962990074; 0.4102771513384878554;-1.1637800404258908937; 0.5737339627468519554; 0.3850864680399916917; 0.0436617445308389029; 0.4993970152807277185; 0.9568872963503988194;-0.6714554123992980683; 6.9347022458937370715;-1.5415752257700943151; 0.2786380877461968053;-0.1372637333694065043; 0.3335859086412908958;-0.7104570186869679782; 0.8803234815207314767; 0.1363540634563211729;-0.2420517037298508534; 1.1296472433462914076; 0.4584984124267945660;-0.3362605523152195630;-1.5415752257700943151; 3.6063835658520670968; 0.1124804524797368144; 0.0761543788601696248; 0.3460618990315295074; 0.5676482822979336262;-0.7086949465940810544; 0.5540125254932340981;-0.1534173799357265444; 0.2133165677487179335; 0.9848780465519173521;-0.4590931935707857625; 0.2786380877461968053; 0.1124804524797368005; 2.9046887768531686191; 0.1485531068953820644;-0.5032018657324425215;-0.3473569189700558280;-0.6469946964579431636; 0.0039066927038198911;-0.0600379646384067711;-0.0242429423222693397; 0.4095444703342893122;-0.0776404763962989658;-0.1372637333694062822; 0.0761543788601697358; 0.1485531068953819533; 3.2548976730011962566;-0.8013484193936314393; 0.6685809233211877922;-1.1990188663704584027;-0.1349534494778578120; 0.8778633015185268729; 0.9869217915249112183; 0.5656446835628969882; 0.4102771513384876334; 0.3335859086412908958; 0.3460618990315295074;-0.5032018657324425215;-0.8013484193936314393; 2.8277110350540612949;-0.1771677272655357294; 1.1942091765113500568; 1.0291624155265266527; 0.3546538761964198594; 0.5708544422957630982; 0.6778622377749781158;-1.1637800404258908937;-0.7104570186869676451; 0.5676482822979336262;-0.3473569189700559945; 0.6685809233211877922;-0.1771677272655358404; 3.8992305830538969147;-0.5712245985132270443;-0.4865390338378986490; 1.6851935390225141198;-1.0225589468583520247;-0.3561347216476871136; 0.5737339627468519554; 0.8803234815207314767;-0.7086949465940810544;-0.6469946964579432747;-1.1990188663704581806; 1.1942091765113498347;-0.5712245985132271553; 3.1976259978123477978; 0.3740916530330000711;-0.0269671534978369737;-0.1802485979082215639; 0.2509970570952585467; 0.3850864680399916917; 0.1363540634563211729; 0.5540125254932340981; 0.0039066927038199778;-0.1349534494778578675; 1.0291624155265266527;-0.4865390338378987600; 0.3740916530330001821; 2.1292670408664768900;-0.3234783390889057197; 0.2096747416629166083; 0.0449019187015819443; 0.0436617445308388752;-0.2420517037298508534;-0.1534173799357264334;-0.0600379646384065074; 0.8778633015185268729; 0.3546538761964196373; 1.6851935390225145639;-0.0269671534978369876;-0.3234783390889057197; 4.5789307121447109239; 0.3174825479576325882;-0.3369502086445467226; 0.4993970152807279961; 1.1296472433462911855; 0.2133165677487178780;-0.0242429423222693119; 0.9869217915249111073; 0.5708544422957630982;-1.0225589468583522468;-0.1802485979082214529; 0.2096747416629166638; 0.3174825479576325882; 4.5246242629730417661; 2.5642251655930898835; 0.9568872963503989304; 0.4584984124267941219; 0.9848780465519174632; 0.4095444703342893122; 0.5656446835628967662; 0.6778622377749782268;-0.3561347216476871136; 0.2509970570952585467; 0.0449019187015818333;-0.3369502086445467226; 2.5642251655930894394; 7.3614286300702609367"
12,"near",12,10,2.33626451517921e-11,0," 3.4325430911764329700;-0.6714554123992981793;-0.3362605523152193410;-0.4590931935707857625;-0.0776404763962990074; 0.4102771513384878554;-1.1637800404258908937; 0.5737339627468519554; 0.3850864680399916917; 0.0436617445308389029; 0.4993970152807277185; 0.9568872963503988194;-0.6714554123992980683; 6.9347022458937370715;-1.5415752257700943151; 0.2786380877461968053;-0.1372637333694065043; 0.3335859086412908958;-0.7104570186869679782; 0.8803234815207314767; 0.1363540634563211729;-0.2420517037298508534; 1.1296472433462914076; 0.4584984124267945660;-0.3362605523152195630;-1.5415752257700943151; 3.6063835658520670968; 0.1124804524797368144; 0.0761543788601696248; 0.3460618990315295074; 0.5676482822979336262;-0.7086949465940810544; 0.5540125254932340981;-0.1534173799357265444; 0.2133165677487179335; 0.9848780465519173521;-0.4590931935707857625; 0.2786380877461968053; 0.1124804524797368005; 2.9046887768531686191; 0.1485531068953820644;-0.5032018657324425215;-0.3473569189700558280;-0.6469946964579431636; 0.0039066927038198911;-0.0600379646384067711;-0.0242429423222693397; 0.4095444703342893122;-0.0776404763962989658;-0.1372637333694062822; 0.0761543788601697358; 0.1485531068953819533; 3.2548976730011962566;-0.8013484193936314393; 0.6685809233211877922;-1.1990188663704584027;-0.1349534494778578120; 0.8778633015185268729; 0.9869217915249112183; 0.5656446835628969882; 0.4102771513384876334; 0.3335859086412908958; 0.3460618990315295074;-0.5032018657324425215;-0.8013484193936314393; 2.8277110350540612949;-0.1771677272655357294; 1.1942091765113500568; 1.0291624155265266527; 0.3546538761964198594; 0.5708544422957630982; 0.6778622377749781158;-1.1637800404258908937;-0.7104570186869676451; 0.5676482822979336262;-0.3473569189700559945; 0.6685809233211877922;-0.1771677272655358404; 3.8992305830538969147;-0.5712245985132270443;-0.4865390338378986490; 1.6851935390225141198;-1.0225589468583520247;-0.3561347216476871136; 0.5737339627468519554; 0.8803234815207314767;-0.7086949465940810544;-0.6469946964579432747;-1.1990188663704581806; 1.1942091765113498347;-0.5712245985132271553; 3.1976259978123477978; 0.3740916530330000711;-0.0269671534978369737;-0.1802485979082215639; 0.2509970570952585467; 0.3850864680399916917; 0.1363540634563211729; 0.5540125254932340981; 0.0039066927038199778;-0.1349534494778578675; 1.0291624155265266527;-0.4865390338378987600; 0.3740916530330001821; 2.1292670408664768900;-0.3234783390889057197; 0.2096747416629166083; 0.0449019187015819443; 0.0436617445308388752;-0.2420517037298508534;-0.1534173799357264334;-0.0600379646384065074; 0.8778633015185268729; 0.3546538761964196373; 1.6851935390225145639;-0.0269671534978369876;-0.3234783390889057197; 4.5789307121447109239; 0.3174825479576325882;-0.3369502086445467226; 0.4993970152807279961; 1.1296472433462911855; 0.2133165677487178780;-0.0242429423222693119; 0.9869217915249111073; 0.5708544422957630982;-1.0225589468583522468;-0.1802485979082214529; 0.2096747416629166638; 0.3174825479576325882; 4.5246242629730417661; 2.5642251655930898835; 0.9568872963503989304; 0.4584984124267941219; 0.9848780465519174632; 0.4095444703342893122; 0.5656446835628967662; 0.6778622377749782268;-0.3561347216476871136; 0.2509970570952585467; 0.0449019187015818333;-0.3369502086445467226; 2.5642251655930894394; 7.3614286300702609367"," 3.4325438612443326392;-0.6714538751087172352;-0.3362616425703787715;-0.4590931606588674052;-0.0776436443004251547; 0.4102772620276824989;-1.1637824346975318424; 0.5737327903209511470; 0.3850885765573817676; 0.0436632190189133670; 0.4993981924129681227; 0.9568887990128458476;-0.6714538751087171242; 6.9347042441569533011;-1.5415739834964823363; 0.2786397456390467542;-0.1372673522205245245; 0.3335865181123318091;-0.7104575479865505860; 0.8803226746367504019; 0.1363558923587919469;-0.2420534580267703628; 1.1296482480102978396; 0.4584995937133405919;-0.3362616425703789935;-1.5415739834964823363; 3.6063845125341882358; 0.1124816803399830561; 0.0761559168234269140; 0.3460631383493766311; 0.5676478731250318432;-0.7086967498726081116; 0.5540123971879520326;-0.1534166997300000501; 0.2133165347544126456; 0.9848777887972458567;-0.4590931606588674052; 0.2786397456390467542; 0.1124816803399830423; 2.9046889315247543806; 0.1485526363447292053;-0.5031997031760260253;-0.3473567457799400238;-0.6469929031586489909; 0.0039061951949049501;-0.0600369411873867206;-0.0242421636832878817; 0.4095438111205555454;-0.0776436443004251131;-0.1372673522205243024; 0.0761559168234270251; 0.1485526363447290943; 3.2548953367679298587;-0.8013501027782179431; 0.6685790814421446182;-1.1990194742512454429;-0.1349539314125461631; 0.8778622027610979428; 0.9869211591794693206; 0.5656438425240706280; 0.4102772620276822768; 0.3335865181123318091; 0.3460631383493766311;-0.5031997031760260253;-0.8013501027782179431; 2.8277118886867373959;-0.1771687027710933671; 1.1942101944695231452; 1.0291606371241315276; 0.3546513856829572320; 0.5708548817099537986; 0.6778621632183048362;-1.1637824346975318424;-0.7104575479865502530; 0.5676478731250318432;-0.3473567457799401903; 0.6685790814421446182;-0.1771687027710934781; 3.8992272731487260806;-0.5712244389946853351;-0.4865408056257005120; 1.6851948664404627909;-1.0225605396195482921;-0.3561348838447961351; 0.5737327903209511470; 0.8803226746367504019;-0.7086967498726081116;-0.6469929031586491019;-1.1990194742512452208; 1.1942101944695229232;-0.5712244389946854461; 3.1976288321491308508; 0.3740912526599833310;-0.0269666390008297986;-0.1802493326504803761; 0.2509965265449249916; 0.3850885765573817676; 0.1363558923587919469; 0.5540123971879520326; 0.0039061951949050369;-0.1349539314125462186; 1.0291606371241315276;-0.4865408056257006231; 0.3740912526599834420; 2.1292684898158906748;-0.3234800919625291926; 0.2096748136804897078; 0.0449035349349814691; 0.0436632190189133393;-0.2420534580267703628;-0.1534166997299999391;-0.0600369411873864570; 0.8778622027610979428; 0.3546513856829570099; 1.6851948664404632350;-0.0269666390008298125;-0.3234800919625291926; 4.5789295121516762066; 0.3174809115582058472;-0.3369508545910855912; 0.4993981924129684002; 1.1296482480102976176; 0.2133165347544125900;-0.0242421636832878540; 0.9869211591794692096; 0.5708548817099537986;-1.0225605396195485142;-0.1802493326504802651; 0.2096748136804897633; 0.3174809115582058472; 4.5246220916911754628; 2.5642263398810829500; 0.9568887990128459586; 0.4584995937133401478; 0.9848777887972459677; 0.4095438111205555454; 0.5656438425240704060; 0.6778621632183049472;-0.3561348838447961351; 0.2509965265449249916; 0.0449035349349813581;-0.3369508545910855912; 2.5642263398810825059; 7.3614325802841849011"
13,"generic",12,1000,1845.16392819215,0," 155.8525963927306179;  24.8186780301921175; -58.5042034655936973;  29.8911638889706879;  41.4108337323062301; -85.1909978229802789;-116.9142943931366858;  53.2492458183722590; -29.9558906585460427; 115.1938586366768504;  43.3553384857541317;  49.5544737414602423;  24.8186780301921246; 115.3579666206702541;  92.9075287146960704; 102.9193748047978545; 106.6157179305001534;-138.6166458483466783;-127.8755068580995129; -62.2108784017387464; -31.5798020920748641;  67.5923984869069017;  89.6458927451012073; -11.4774295324168989; -58.5042034655937044;  92.9075287146960704; 242.6497273143875191;  37.1869433923184118;  86.5015947088838004;-143.2136661822797521; -65.8996736009338804; -88.8161006642293529;  57.9434830015437967; -23.5710500331603185;  72.5025886976157068; -95.0226546986026364;  29.8911638889706737; 102.9193748047978403;  37.1869433923183976; 270.1474420204987155;  45.0122006027753088;-209.9872935681825652; -53.3676836223740736; -36.5138415429996499; -77.3681153951542484; 141.4567234226358039;  72.5093352903409993;  84.6818234696368535;  41.4108337323062372; 106.6157179305001534;  86.5015947088838004;  45.0122006027753301; 123.1756757942334133;-100.6486588799450885;-141.4519359984120115; -68.3037474344708073; -17.0127847564355079;  50.4239981361519298;  85.4947734489711877; -40.9938192837226936; -85.1909978229802647;-138.6166458483466499;-143.2136661822797237;-209.9872935681825652;-100.6486588799450601; 326.1742652813605332; 168.8480548853614494;   6.4079023320004609;  44.2474689554787446;-175.8275760142466027;-121.5179807635875591; -60.5506303512094775;-116.9142943931367142;-127.8755068580995129; -65.8996736009338662; -53.3676836223740736;-141.4519359984119831; 168.8480548853614778; 254.1796644194099031;  25.0592131926830213;  39.8013902649680702; -98.0877104219005673;-125.1646092007937341;   5.1599139168171746;  53.2492458183722590; -62.2108784017387393; -88.8161006642293671; -36.5138415429996499; -68.3037474344708073;   6.4079023320004609;  25.0592131926830177; 124.7728023151798880; -21.8663930859342983;  42.7969698047210869; -41.0135320058627144;  95.6015612715212910; -29.9558906585460427; -31.5798020920748641;  57.9434830015437967; -77.3681153951542484; -17.0127847564355008;  44.2474689554787517;  39.8013902649680702; -21.8663930859342948;  82.3522348625797349; -74.6136484983399555;  -9.7965536725613482; -83.1584741792878077; 115.1938586366768504;  67.5923984869068875; -23.5710500331603470; 141.4567234226358039;  50.4239981361519156;-175.8275760142466027; -98.0877104219005531;  42.7969698047210869; -74.6136484983399555; 198.6356071484635493;  65.1197345441130580;  89.7935090974989265;  43.3553384857541388;  89.6458927451012073;  72.5025886976157068;  72.5093352903410278;  85.4947734489711877;-121.5179807635875875;-125.1646092007937625; -41.0135320058627144;  -9.7965536725613518;  65.1197345441130722;  92.0270341548056479; -21.4110581909059796;  49.5544737414602423; -11.4774295324168989; -95.0226546986026506;  84.6818234696368535; -40.9938192837227007; -60.5506303512094775;   5.1599139168171781;  95.6015612715213052; -83.1584741792877935;  89.7935090974989265; -21.4110581909059903; 157.9344036238872206","  45.3607544354442638;  33.5623192169473938; -50.5871455134037760;  -4.5922215984225048;  23.4045759446613175; -21.2233670503239935; -26.2115357871051380;  33.9176927799384131;  56.7050786647372433;  -7.8505534077449841;  -3.4642520271393931;  37.7586143651892883;  33.5623192169474009; 337.3155102979425237; -85.8175974771372267;-232.1711366444674240;  40.9764767569784638;  79.6626383607618891; -26.1652517742937896;  45.5332854009168457;-102.7456240997865820;  63.4211486727386600;  85.6672068567198153;-133.0582731681135158; -50.5871455134037760; -85.8175974771372267; 169.8641885503735125;  79.6764480847348722; -29.2347905912893751;  48.8313202842470844;   3.1638972848422222; -97.0430986252727195; -30.8172244985254622;  14.5326274680070444;  16.0856092765031988; -57.0799645796273367;  -4.5922215984225119;-232.1711366444674240;  79.6764480847348722; 288.2694645085142042;  52.0715052354812116; -63.8592134150631807; -18.5669031200734302; -20.8245775559430939; 189.6466593618882257; -70.6419580635519537; -34.3692067396772813; 123.2489373306410272;  23.4045759446613104;  40.9764767569784638; -29.2347905912893680;  52.0715052354812187;  89.6861124765444373; -31.6382507299956544; -28.1408344381309234;  37.2732803609104053; 106.9800118693493403; -33.0324125185437438;   5.4079198381965199;  36.8370602186318550; -21.2233670503239971;  79.6626383607618749;  48.8313202842470702; -63.8592134150631807; -31.6382507299956544; 352.4846166921121267;   3.7972199369255790;-144.0890353044649146;-178.6154928461660916;  56.8892379580241538; 185.4933794293493747;-169.2374795548907116; -26.2115357871051380; -26.1652517742937896;   3.1638972848422258; -18.5669031200734338; -28.1408344381309306;   3.7972199369255772;  44.6576506878342627;  -6.6817259320936619; -62.3104781998696282; -20.3105494555083439;  -9.7542147766942193;   2.4186063011905716;  33.9176927799384131;  45.5332854009168599; -97.0430986252727195; -20.8245775559430939;  37.2732803609104053;-144.0890353044649146;  -6.6817259320936619; 106.9473809398017323;  80.4048137998824188; -25.7096304572093217; -65.8563428482510318;  81.5307752714493574;  56.7050786647372433;-102.7456240997865677; -30.8172244985254586; 189.6466593618881973; 106.9800118693493403;-178.6154928461660916; -62.3104781998696282;  80.4048137998824188; 309.9191039270738202; -63.7844718985338588; -83.3565255055360410; 176.5807102151824495;  -7.8505534077449850;  63.4211486727386671;  14.5326274680070497; -70.6419580635519537; -33.0324125185437367;  56.8892379580241538; -20.3105494555083403; -25.7096304572093253; -63.7844718985338588;  85.8277409407411085;  39.8821763816950678; -95.1960983174944175;  -3.4642520271393931;  85.6672068567197869;  16.0856092765031917; -34.3692067396772671;   5.4079198381965234; 185.4933794293493463;  -9.7542147766942122; -65.8563428482510318; -83.3565255055360410;  39.8821763816950607; 117.6428725253555854;-108.0105867190657563;  37.7586143651892954;-133.0582731681135158; -57.0799645796273367; 123.2489373306410556;  36.8370602186318550;-169.2374795548907116;   2.4186063011905699;  81.5307752714493574; 176.5807102151824779; -95.1960983174944033;-108.0105867190657705; 195.2840239664692206"
14,"identical",12,1000,NA,NA," 139.40535490055131618; -42.90746253437301050; -34.03882703564413248; -41.93010113730343136; -86.78859028953711174; -88.34640823917197849;  16.69704317517254211;  61.68033539954931399;  -8.98488753825328246; -36.73516963995276541;  55.51605342876460014;-135.97082784646556775; -42.90746253437301050;  45.41256578530561683;  -2.87340155443954970;  44.91860445086794584;  35.24429985094214857;  49.49021163841231186;  31.53259587722540402; -58.87354107083532995; -16.56023094217544767; -43.41249974039335058; -42.84075203025486900;  63.25461837421151756; -34.03882703564413248;  -2.87340155443954615; 135.65987387940623421;  -8.01998798917406930;  64.52940117511113272; -16.05964344325816739; -49.26609651744561802;  23.03205975978715614;  -5.09158193635707690; 145.85154822981272105;  -4.30472580364821766; 138.35434600683151984; -41.93010113730341715;  44.91860445086794584;  -8.01998798917407285; 126.22470365131272274;  40.46344083416461501;  35.13004638903536403;  76.88709830394171263;-133.26779031629149586; -24.98819355242875773; -60.52394405811556055; -12.36677599217233592; 123.73770207544473010; -86.78859028953711174;  35.24429985094214146;  64.52940117511113272;  40.46344083416462212; 145.90666102131467596; 107.00939536619593184; -22.65922259269019889;   5.75174119764242064; -43.31729583573756770;  57.77359806648322404;-104.31908442458954767; 259.13983808953213384; -88.34640823917197849;  49.49021163841231186; -16.05964344325817450;  35.13004638903535692; 107.00939536619591763; 213.02181266802199389;  37.96462190088253408;  16.79756164609466040; -58.70075393241216943; -21.08560411329808915;-123.82188356573371379; 207.99319149853471345;  16.69704317517254211;  31.53259587722540758; -49.26609651744562512;  76.88709830394171263; -22.65922259269019889;  37.96462190088253408; 113.57773767729405279; -77.96592976337943526; -42.78027520067769984; -96.23330037013265326;   9.37157170890830393;   0.96608053428220542;  61.68033539954931399; -58.87354107083533705;  23.03205975978716680;-133.26779031629152428;   5.75174119764242420;  16.79756164609467461; -77.96592976337943526; 232.09912213630536826; -11.51678762214611851; 104.78273749885927657; -22.53964285914427990; -40.83826490736348802;  -8.98488753825328956; -16.56023094217545122;  -5.09158193635707690; -24.98819355242876128; -43.31729583573756770; -58.70075393241218364; -42.78027520067769274; -11.51678762214612028;  61.18175640902441614;  17.99364406061752675;  46.25187297306172240;-100.18122054983919611; -36.73516963995275830; -43.41249974039335058; 145.85154822981274947; -60.52394405811557476;  57.77359806648322404; -21.08560411329806783; -96.23330037013265326; 104.78273749885927657;  17.99364406061753741; 233.19225563488873831;  18.73186339149510360; 112.86849007011741719;  55.51605342876459304; -42.84075203025486900;  -4.30472580364821766; -12.36677599217234302;-104.31908442458953346;-123.82188356573369958;   9.37157170890830926; -22.53964285914427279;  46.25187297306171530;  18.73186339149510360; 128.57624255426748050;-173.56757139916760480;-135.97082784646556775;  63.25461837421151756; 138.35434600683151984; 123.73770207544473010; 259.13983808953207699; 207.99319149853477029;   0.96608053428220542; -40.83826490736349513;-100.18122054983918190; 112.86849007011741719;-173.56757139916760480; 569.00133363051463675"," 139.40535490055131618; -42.90746253437301050; -34.03882703564413248; -41.93010113730343136; -86.78859028953711174; -88.34640823917197849;  16.69704317517254211;  61.68033539954931399;  -8.98488753825328246; -36.73516963995276541;  55.51605342876460014;-135.97082784646556775; -42.90746253437301050;  45.41256578530561683;  -2.87340155443954970;  44.91860445086794584;  35.24429985094214857;  49.49021163841231186;  31.53259587722540402; -58.87354107083532995; -16.56023094217544767; -43.41249974039335058; -42.84075203025486900;  63.25461837421151756; -34.03882703564413248;  -2.87340155443954615; 135.65987387940623421;  -8.01998798917406930;  64.52940117511113272; -16.05964344325816739; -49.26609651744561802;  23.03205975978715614;  -5.09158193635707690; 145.85154822981272105;  -4.30472580364821766; 138.35434600683151984; -41.93010113730341715;  44.91860445086794584;  -8.01998798917407285; 126.22470365131272274;  40.46344083416461501;  35.13004638903536403;  76.88709830394171263;-133.26779031629149586; -24.98819355242875773; -60.52394405811556055; -12.36677599217233592; 123.73770207544473010; -86.78859028953711174;  35.24429985094214146;  64.52940117511113272;  40.46344083416462212; 145.90666102131467596; 107.00939536619593184; -22.65922259269019889;   5.75174119764242064; -43.31729583573756770;  57.77359806648322404;-104.31908442458954767; 259.13983808953213384; -88.34640823917197849;  49.49021163841231186; -16.05964344325817450;  35.13004638903535692; 107.00939536619591763; 213.02181266802199389;  37.96462190088253408;  16.79756164609466040; -58.70075393241216943; -21.08560411329808915;-123.82188356573371379; 207.99319149853471345;  16.69704317517254211;  31.53259587722540758; -49.26609651744562512;  76.88709830394171263; -22.65922259269019889;  37.96462190088253408; 113.57773767729405279; -77.96592976337943526; -42.78027520067769984; -96.23330037013265326;   9.37157170890830393;   0.96608053428220542;  61.68033539954931399; -58.87354107083533705;  23.03205975978716680;-133.26779031629152428;   5.75174119764242420;  16.79756164609467461; -77.96592976337943526; 232.09912213630536826; -11.51678762214611851; 104.78273749885927657; -22.53964285914427990; -40.83826490736348802;  -8.98488753825328956; -16.56023094217545122;  -5.09158193635707690; -24.98819355242876128; -43.31729583573756770; -58.70075393241218364; -42.78027520067769274; -11.51678762214612028;  61.18175640902441614;  17.99364406061752675;  46.25187297306172240;-100.18122054983919611; -36.73516963995275830; -43.41249974039335058; 145.85154822981274947; -60.52394405811557476;  57.77359806648322404; -21.08560411329806783; -96.23330037013265326; 104.78273749885927657;  17.99364406061753741; 233.19225563488873831;  18.73186339149510360; 112.86849007011741719;  55.51605342876459304; -42.84075203025486900;  -4.30472580364821766; -12.36677599217234302;-104.31908442458953346;-123.82188356573369958;   9.37157170890830926; -22.53964285914427279;  46.25187297306171530;  18.73186339149510360; 128.57624255426748050;-173.56757139916760480;-135.97082784646556775;  63.25461837421151756; 138.35434600683151984; 123.73770207544473010; 259.13983808953207699; 207.99319149853477029;   0.96608053428220542; -40.83826490736349513;-100.18122054983918190; 112.86849007011741719;-173.56757139916760480; 569.00133363051463675"
15,"near",12,1000,3.28645910485648e-08,0," 139.40535490055131618; -42.90746253437301050; -34.03882703564413248; -41.93010113730343136; -86.78859028953711174; -88.34640823917197849;  16.69704317517254211;  61.68033539954931399;  -8.98488753825328246; -36.73516963995276541;  55.51605342876460014;-135.97082784646556775; -42.90746253437301050;  45.41256578530561683;  -2.87340155443954970;  44.91860445086794584;  35.24429985094214857;  49.49021163841231186;  31.53259587722540402; -58.87354107083532995; -16.56023094217544767; -43.41249974039335058; -42.84075203025486900;  63.25461837421151756; -34.03882703564413248;  -2.87340155443954615; 135.65987387940623421;  -8.01998798917406930;  64.52940117511113272; -16.05964344325816739; -49.26609651744561802;  23.03205975978715614;  -5.09158193635707690; 145.85154822981272105;  -4.30472580364821766; 138.35434600683151984; -41.93010113730341715;  44.91860445086794584;  -8.01998798917407285; 126.22470365131272274;  40.46344083416461501;  35.13004638903536403;  76.88709830394171263;-133.26779031629149586; -24.98819355242875773; -60.52394405811556055; -12.36677599217233592; 123.73770207544473010; -86.78859028953711174;  35.24429985094214146;  64.52940117511113272;  40.46344083416462212; 145.90666102131467596; 107.00939536619593184; -22.65922259269019889;   5.75174119764242064; -43.31729583573756770;  57.77359806648322404;-104.31908442458954767; 259.13983808953213384; -88.34640823917197849;  49.49021163841231186; -16.05964344325817450;  35.13004638903535692; 107.00939536619591763; 213.02181266802199389;  37.96462190088253408;  16.79756164609466040; -58.70075393241216943; -21.08560411329808915;-123.82188356573371379; 207.99319149853471345;  16.69704317517254211;  31.53259587722540758; -49.26609651744562512;  76.88709830394171263; -22.65922259269019889;  37.96462190088253408; 113.57773767729405279; -77.96592976337943526; -42.78027520067769984; -96.23330037013265326;   9.37157170890830393;   0.96608053428220542;  61.68033539954931399; -58.87354107083533705;  23.03205975978716680;-133.26779031629152428;   5.75174119764242420;  16.79756164609467461; -77.96592976337943526; 232.09912213630536826; -11.51678762214611851; 104.78273749885927657; -22.53964285914427990; -40.83826490736348802;  -8.98488753825328956; -16.56023094217545122;  -5.09158193635707690; -24.98819355242876128; -43.31729583573756770; -58.70075393241218364; -42.78027520067769274; -11.51678762214612028;  61.18175640902441614;  17.99364406061752675;  46.25187297306172240;-100.18122054983919611; -36.73516963995275830; -43.41249974039335058; 145.85154822981274947; -60.52394405811557476;  57.77359806648322404; -21.08560411329806783; -96.23330037013265326; 104.78273749885927657;  17.99364406061753741; 233.19225563488873831;  18.73186339149510360; 112.86849007011741719;  55.51605342876459304; -42.84075203025486900;  -4.30472580364821766; -12.36677599217234302;-104.31908442458953346;-123.82188356573369958;   9.37157170890830926; -22.53964285914427279;  46.25187297306171530;  18.73186339149510360; 128.57624255426748050;-173.56757139916760480;-135.97082784646556775;  63.25461837421151756; 138.35434600683151984; 123.73770207544473010; 259.13983808953207699; 207.99319149853477029;   0.96608053428220542; -40.83826490736349513;-100.18122054983918190; 112.86849007011741719;-173.56757139916760480; 569.00133363051463675"," 139.40542346359384851; -42.90752311008814246; -34.03892230859246126; -41.93009203651041616; -86.78879724960903275; -88.34646581137673138;  16.69699689779238128;  61.68021627727319611;  -8.98481221500908056; -36.73515175200983407;  55.51607044092504140;-135.97087665810454382; -42.90752311008814246;  45.41245472594369659;  -2.87333861289652770;  44.91862087915257007;  35.24439643447664849;  49.49022472827860497;  31.53260353082255918; -58.87362631773570598; -16.56028864878529916; -43.41256492554558832; -42.84070678469458926;  63.25474364844453135; -34.03892230859246126;  -2.87333861289652415; 135.65990155688430718;  -8.02006777014250183;  64.52929687454266627; -16.05948829975799796; -49.26619035577378014;  23.03216231721106766;  -5.09154279115195774; 145.85157115127410066;  -4.30466588622605517; 138.35413967398898194; -41.93009203651040195;  44.91862087915257007;  -8.02006777014250538; 126.22462106526182879;  40.46340364547506852;  35.13011998024384752;  76.88701037381655112;-133.26769544714980498; -24.98812622450375542; -60.52393920509278047; -12.36665825093507998; 123.73763366318272006; -86.78879724960903275;  35.24439643447664139;  64.52929687454266627;  40.46340364547507562; 145.90645398632142360; 107.00922055798132249; -22.65907562787247542;   5.75176030402773542; -43.31720859406441093;  57.77365027114282015;-104.31911634633509323; 259.13991278637132609; -88.34646581137673138;  49.49022472827860497; -16.05948829975800507;  35.13011998024384042; 107.00922055798130827; 213.02178325743261667;  37.96463715371690029;  16.79770649037900299; -58.70072565122577402; -21.08570370722652854;-123.82179748604468728; 207.99312308498764423;  16.69699689779238128;  31.53260353082256273; -49.26619035577378725;  76.88701037381655112; -22.65907562787247542;  37.96463715371690029; 113.57754256686905592; -77.96595014701341597; -42.78042157770720166; -96.23325291938451187;   9.37162775031291773;   0.96607969928555837;  61.68021627727319611; -58.87362631773571309;  23.03216231721107832;-133.26769544714983340;   5.75176030402773897;  16.79770649037901720; -77.96595014701341597; 232.09941943876535220; -11.51693960865528865; 104.78260312767579876; -22.53956418450503563; -40.83830877392693992;  -8.98481221500908767; -16.56028864878530271;  -5.09154279115195774; -24.98812622450375898; -43.31720859406441093; -58.70072565122578823; -42.78042157770719456; -11.51693960865529043;  61.18162150310915592;  17.99352232271935392;  46.25200208880843888;-100.18124054360289676; -36.73515175200982696; -43.41256492554558832; 145.85157115127412908; -60.52393920509279468;  57.77365027114282015; -21.08570370722650722; -96.23325291938451187; 104.78260312767579876;  17.99352232271936458; 233.19222857572262342;  18.73184975584733891; 112.86832380045403568;  55.51607044092503429; -42.84070678469458926;  -4.30466588622605517; -12.36665825093508708;-104.31911634633507902;-123.82179748604467306;   9.37162775031292306; -22.53956418450502852;  46.25200208880843178;  18.73184975584733891; 128.57627754232154871;-173.56743461249820371;-135.97087665810454382;  63.25474364844453135; 138.35413967398898194; 123.73763366318272006; 259.13991278637126925; 207.99312308498770108;   0.96607969928555837; -40.83830877392694703;-100.18124054360288255; 112.86832380045403568;-173.56743461249820371; 569.00160702926154954"
16,"generic",12,1e+05,110794.132405175,0," 11231.7181731378059339;-14502.6865059914271114; -9006.8117626901512267;    50.8401768307189741;  2350.4822256690213180;  4592.8181325964387725;  5472.6473892281937879; 11929.6058632492404286; -9785.9193624362360424;   189.2079588204827587;    17.0590923929426026; -2172.7599316595669734;-14502.6865059914252925; 27900.3827006890242046; 16219.2594377704408544;  -474.3196142340360666;-10079.1796308822540595;-10218.4589548419153289;-16639.1723659547969874;-24706.7324373922747327; 17786.7914576665207278;   674.2824923119076175; -2341.7002575041783530;  5801.4376044380851454; -9006.8117626901512267; 16219.2594377704408544; 12408.3547014456453326;  2228.7486989307753902; -3619.5443973758433458; -7567.3310434456443545; -8037.8909078946735463;-10007.1563813803586527; 14671.8773127793792810;   778.9797981703189862;  3283.1521015302514570;  3562.5895158337780231;    50.8401768307190878;  -474.3196142340360666;  2228.7486989307753902;  3533.6639105081835623;  1954.8023056110230300; -1690.4134261000444894;  1944.3807275922385998;  5408.7439886087558989;  3454.0934842632418622;  2362.9148062537724400;  6245.9820079299188365;    -7.9579658409809895;  2350.4822256690213180;-10079.1796308822540595; -3619.5443973758428911;  1954.8023056110232574;  8330.5104399443043803;  3586.5028168236431156; 10551.0331855495333002; 12725.9906418120735907; -4527.5756855484723928; -1909.4242463798573226;  3521.2826945116348725; -3284.6788780783972470;  4592.8181325964396819;-10218.4589548419171479; -7567.3310434456452640; -1690.4134261000447168;  3586.5028168236431156;  5383.4926545470734709;  6624.0677732616914000;  6597.9644600994997745; -9663.6799765800351452; -2070.5616115269572219; -2726.8060168726233314; -2757.8335467207143665;  5472.6473892281937879;-16639.1723659547969874; -8037.8909078946708178;  1944.3807275922388271; 10551.0331855495333002;  6624.0677732616914000; 15202.7644344997097505; 18370.0757598800155392;-10072.9589672300371603; -2130.5582092450786149;  3740.6732365104858218; -4952.8851117672129476; 11929.6058632492422475;-24706.7324373922747327;-10007.1563813803586527;  5408.7439886087558989; 12725.9906418120735907;  6597.9644600994997745; 18370.0757598800155392; 30386.5615476134007622; -9997.1890232093392115;  1207.1755428483729702; 11120.0979444554086513; -5208.4521130833409188; -9785.9193624362360424; 17786.7914576665207278; 14671.8773127793792810;  3454.0934842632427717; -4527.5756855484733023; -9663.6799765800351452;-10072.9589672300371603; -9997.1890232093392115; 19256.2857190574613924;  3127.8252944928867691;  6533.6119058464828413;  4876.1848819320775874;   189.2079588204829861;   674.2824923119078449;   778.9797981703189862;  2362.9148062537724400; -1909.4242463798580047; -2070.5616115269572219; -2130.5582092450786149;  1207.1755428483727428;  3127.8252944928867691;  5694.4487069527576750;  5559.1752942472621726;  1187.0753885500628257;    17.0590923929426026; -2341.7002575041778982;  3283.1521015302523665;  6245.9820079299188365;  3521.2826945116348725; -2726.8060168726233314;  3740.6732365104858218; 11120.0979444554086513;  6533.6119058464828413;  5559.1752942472621726; 12817.3249480255908566;   267.6040704074627001; -2172.7599316595669734;  5801.4376044380851454;  3562.5895158337775683;    -7.9579658409809326; -3284.6788780783977018; -2757.8335467207143665; -4952.8851117672138571; -5208.4521130833409188;  4876.1848819320766779;  1187.0753885500628257;   267.6040704074624728;  1965.4547932365553606","  2470.773946124134454;    41.902279393037759; -1049.975063937094092; -1681.492994333249726; -1310.845716506679537;  -188.466214413163300; -2074.096762939128894; -6057.793499230861016; -1834.778710677255049;  6088.775505225098641; -5849.296756564870520;   377.031933241025854;    41.902279393037816;  1732.427841713035832;  -570.212748652882624;  2728.132707928536547;   699.241889949098095; -2018.643017775913677;  3376.985932603512083;  1808.091457928099317;  -208.467676200401002; -1498.873160933119379;   -55.752557903172601;  -556.130447865792689; -1049.975063937094319;  -570.212748652882738;  4825.201948298888965; -1002.635794824708455; -1158.801212802702366; -3120.577898778417421; -8024.779340374074309;  -674.800047034549038;  6427.629774890549015; -1683.233738147721397;  1181.759881631530561;  3382.493095295961211; -1681.492994333250181;  2728.132707928536547; -1002.635794824708455; 11584.540100807716954;  4354.373468088857408; -4261.028800862534808; 13451.597118174631760; 14576.411909806551193;  2813.954191226649073;-14567.089284540741573;  9919.739703996801836; -4027.340456263703800; -1310.845716506679310;   699.241889949098208; -1158.801212802702366;  4354.373468088857408;  4328.779882674092732;  1099.364577491040109;  7610.660601483246865;  7656.095027263740121; -1478.094973036245619; -5693.203759843059743;  6446.154754368673821; -4966.023047169915117;  -188.466214413162959; -2018.643017775912995; -3120.577898778417421; -4261.028800862534808;  1099.364577491040109;  7238.979909024519657;  2049.751462501230890; -1328.926738080937412; -6691.668504978527380;  4133.226411948705390;   207.837028507242621; -3074.832166335254442; -2074.096762939128439;  3376.985932603512083; -8024.779340374074309; 13451.597118174631760;  7610.660601483246865;  2049.751462501230435; 27854.555198326281243; 19979.496406063317409; -7109.064134643867874;-15544.736388219371293; 12574.254337064388892;-10363.056897241720435; -6057.793499230861016;  1808.091457928099317;  -674.800047034548925; 14576.411909806551193;  7656.095027263740121; -1328.926738080937412; 19979.496406063317409; 26940.340207620047295;  3848.580361810997601;-26009.183438256630325; 21939.685301942234219; -6627.770973645267986; -1834.778710677255049;  -208.467676200401002;  6427.629774890548106;  2813.954191226649073; -1478.094973036244937; -6691.668504978527380; -7109.064134643866055;  3848.580361810998056; 11934.490319437245489; -8388.264333458557303;  5022.199749692454134;  4473.198648186117680;  6088.775505225098641; -1498.873160933119834; -1683.233738147720942;-14567.089284540741573; -5693.203759843059743;  4133.226411948704481;-15544.736388219371293;-26009.183438256630325; -8388.264333458557303; 27542.293293564940541;-21760.254139853590459;  3394.801886007266603; -5849.296756564870520;   -55.752557903172601;  1181.759881631530334;  9919.739703996801836;  6446.154754368673821;   207.837028507243076; 12574.254337064388892; 21939.685301942234219;  5022.199749692454134;-21760.254139853590459; 20395.738543762541667; -5320.750571843479520;   377.031933241025854;  -556.130447865792803;  3382.493095295961211; -4027.340456263703800; -4966.023047169914207; -3074.832166335254442;-10363.056897241720435; -6627.770973645268896;  4473.198648186118589;  3394.801886007266603; -5320.750571843479520;  7262.841538304102869"
17,"identical",12,1e+05,6.85686245560646e-08,0," 45564.35465805928834;  1791.95157817228983;-25966.29975171457409; 21650.44595211553678;  4393.75115798736806;  3459.87089423061525; -4810.58482053946682;  3889.46417247783938; 19676.46497265444486; -5757.91797508797026;-11124.94624759497492;-22905.31155612046859;  1791.95157817229028;  8783.59764805731902; -3955.11908015164545; -4042.05417503604895;  1553.59728557510289;  3605.94833283210392;  2911.99471567283399;  4937.72314839973933;  1250.30912076004552;   186.71345845979238; -5266.01259791740995;-10124.10569778991339;-25966.29975171457772; -3955.11908015164545; 18694.83463583801131; -9230.73328880744157; -3155.96442299335013; -2343.46915217147080;   197.89819636724178; -5258.64742194775681; -9280.99708460479633;  3756.41976971402528; 10754.17936420168553; 17260.49336129251969; 21650.44595211553678; -4042.05417503604804; -9230.73328880744157; 14676.47204565664651;   825.45252076504903; -1271.95672712807254; -5823.36945922047198; -2222.03714429054480; 10435.01781218143151; -2982.58467045222915; -1041.26422045289019; -4015.93140606354609;  4393.75115798736806;  1553.59728557510289; -3155.96442299335013;   825.45252076504926;  1916.70925539284463;  3028.44338900238290;  1007.08039410945355;  1773.21091066232202;  3005.92557100097838;   858.19978387931803; -1258.98008421600866; -5597.27443146036239;  3459.87089423061525;  3605.94833283210392; -2343.46915217147034; -1271.95672712807209;  3028.44338900238290;  7200.39420529506151;  2956.59957309500351;  3473.56865242894492;  2896.55008770863878;  2351.30655519965921; -1432.52738802827571; -8622.95012380456501; -4810.58482053946682;  2911.99471567283490;   197.89819636724155; -5823.36945922047289;  1007.08039410945366;  2956.59957309500442;  3883.99771636190280;  2971.38558804994818; -3069.85696192123260;  1346.15242907297488; -1940.67998216860724; -3186.56262369228352;  3889.46417247784029;  4937.72314839973842; -5258.64742194775681; -2222.03714429054435;  1773.21091066232202;  3473.56865242894492;  2971.38558804994773;  4333.76282875738343;   721.60679903133223;   -17.16804772865737; -5012.57547736516153; -8665.39254681099192; 19676.46497265444486;  1250.30912076004574; -9280.99708460479815; 10435.01781218143151;  3005.92557100097838;  2896.55008770863833; -3069.85696192123305;   721.60679903133132; 12441.11803326112386;  -741.77766351228274; -1638.93129464861522;-11034.58605474597243; -5757.91797508797026;   186.71345845979238;  3756.41976971402482; -2982.58467045222915;   858.19978387931781;  2351.30655519965921;  1346.15242907297488;   -17.16804772865737;  -741.77766351228297;  2491.84307491678874;  2548.07580622408068;   750.77681337171771;-11124.94624759497674; -5266.01259791740995; 10754.17936420168735; -1041.26422045289019; -1258.98008421600889; -1432.52738802827525; -1940.67998216860724; -5012.57547736516244; -1638.93129464861613;  2548.07580622408068;  9226.29563400116604; 10840.52175039552094;-22905.31155612046859;-10124.10569778991157; 17260.49336129251606; -4015.93140606354609; -5597.27443146036239; -8622.95012380456501; -3186.56262369228352; -8665.39254681099192;-11034.58605474597243;   750.77681337171771; 10840.52175039551730; 24897.58299406000151"," 45564.35465805928834;  1791.95157817228983;-25966.29975171457409; 21650.44595211553678;  4393.75115798736806;  3459.87089423061525; -4810.58482053946682;  3889.46417247783938; 19676.46497265444486; -5757.91797508797026;-11124.94624759497492;-22905.31155612046859;  1791.95157817229028;  8783.59764805731902; -3955.11908015164545; -4042.05417503604895;  1553.59728557510289;  3605.94833283210392;  2911.99471567283399;  4937.72314839973933;  1250.30912076004552;   186.71345845979238; -5266.01259791740995;-10124.10569778991339;-25966.29975171457772; -3955.11908015164545; 18694.83463583801131; -9230.73328880744157; -3155.96442299335013; -2343.46915217147080;   197.89819636724178; -5258.64742194775681; -9280.99708460479633;  3756.41976971402528; 10754.17936420168553; 17260.49336129251969; 21650.44595211553678; -4042.05417503604804; -9230.73328880744157; 14676.47204565664651;   825.45252076504903; -1271.95672712807254; -5823.36945922047198; -2222.03714429054480; 10435.01781218143151; -2982.58467045222915; -1041.26422045289019; -4015.93140606354609;  4393.75115798736806;  1553.59728557510289; -3155.96442299335013;   825.45252076504926;  1916.70925539284463;  3028.44338900238290;  1007.08039410945355;  1773.21091066232202;  3005.92557100097838;   858.19978387931803; -1258.98008421600866; -5597.27443146036239;  3459.87089423061525;  3605.94833283210392; -2343.46915217147034; -1271.95672712807209;  3028.44338900238290;  7200.39420529506151;  2956.59957309500351;  3473.56865242894492;  2896.55008770863878;  2351.30655519965921; -1432.52738802827571; -8622.95012380456501; -4810.58482053946682;  2911.99471567283490;   197.89819636724155; -5823.36945922047289;  1007.08039410945366;  2956.59957309500442;  3883.99771636190280;  2971.38558804994818; -3069.85696192123260;  1346.15242907297488; -1940.67998216860724; -3186.56262369228352;  3889.46417247784029;  4937.72314839973842; -5258.64742194775681; -2222.03714429054435;  1773.21091066232202;  3473.56865242894492;  2971.38558804994773;  4333.76282875738343;   721.60679903133223;   -17.16804772865737; -5012.57547736516153; -8665.39254681099192; 19676.46497265444486;  1250.30912076004574; -9280.99708460479815; 10435.01781218143151;  3005.92557100097838;  2896.55008770863833; -3069.85696192123305;   721.60679903133132; 12441.11803326112386;  -741.77766351228274; -1638.93129464861522;-11034.58605474597243; -5757.91797508797026;   186.71345845979238;  3756.41976971402482; -2982.58467045222915;   858.19978387931781;  2351.30655519965921;  1346.15242907297488;   -17.16804772865737;  -741.77766351228297;  2491.84307491678874;  2548.07580622408068;   750.77681337171771;-11124.94624759497674; -5266.01259791740995; 10754.17936420168735; -1041.26422045289019; -1258.98008421600889; -1432.52738802827525; -1940.67998216860724; -5012.57547736516244; -1638.93129464861613;  2548.07580622408068;  9226.29563400116604; 10840.52175039552094;-22905.31155612046859;-10124.10569778991157; 17260.49336129251606; -4015.93140606354609; -5597.27443146036239; -8622.95012380456501; -3186.56262369228352; -8665.39254681099192;-11034.58605474597243;   750.77681337171771; 10840.52175039551730; 24897.58299406000151"
18,"near",12,1e+05,4.7949084546417e-05,0," 45564.35465805928834;  1791.95157817228983;-25966.29975171457409; 21650.44595211553678;  4393.75115798736806;  3459.87089423061525; -4810.58482053946682;  3889.46417247783938; 19676.46497265444486; -5757.91797508797026;-11124.94624759497492;-22905.31155612046859;  1791.95157817229028;  8783.59764805731902; -3955.11908015164545; -4042.05417503604895;  1553.59728557510289;  3605.94833283210392;  2911.99471567283399;  4937.72314839973933;  1250.30912076004552;   186.71345845979238; -5266.01259791740995;-10124.10569778991339;-25966.29975171457772; -3955.11908015164545; 18694.83463583801131; -9230.73328880744157; -3155.96442299335013; -2343.46915217147080;   197.89819636724178; -5258.64742194775681; -9280.99708460479633;  3756.41976971402528; 10754.17936420168553; 17260.49336129251969; 21650.44595211553678; -4042.05417503604804; -9230.73328880744157; 14676.47204565664651;   825.45252076504903; -1271.95672712807254; -5823.36945922047198; -2222.03714429054480; 10435.01781218143151; -2982.58467045222915; -1041.26422045289019; -4015.93140606354609;  4393.75115798736806;  1553.59728557510289; -3155.96442299335013;   825.45252076504926;  1916.70925539284463;  3028.44338900238290;  1007.08039410945355;  1773.21091066232202;  3005.92557100097838;   858.19978387931803; -1258.98008421600866; -5597.27443146036239;  3459.87089423061525;  3605.94833283210392; -2343.46915217147034; -1271.95672712807209;  3028.44338900238290;  7200.39420529506151;  2956.59957309500351;  3473.56865242894492;  2896.55008770863878;  2351.30655519965921; -1432.52738802827571; -8622.95012380456501; -4810.58482053946682;  2911.99471567283490;   197.89819636724155; -5823.36945922047289;  1007.08039410945366;  2956.59957309500442;  3883.99771636190280;  2971.38558804994818; -3069.85696192123260;  1346.15242907297488; -1940.67998216860724; -3186.56262369228352;  3889.46417247784029;  4937.72314839973842; -5258.64742194775681; -2222.03714429054435;  1773.21091066232202;  3473.56865242894492;  2971.38558804994773;  4333.76282875738343;   721.60679903133223;   -17.16804772865737; -5012.57547736516153; -8665.39254681099192; 19676.46497265444486;  1250.30912076004574; -9280.99708460479815; 10435.01781218143151;  3005.92557100097838;  2896.55008770863833; -3069.85696192123305;   721.60679903133132; 12441.11803326112386;  -741.77766351228274; -1638.93129464861522;-11034.58605474597243; -5757.91797508797026;   186.71345845979238;  3756.41976971402482; -2982.58467045222915;   858.19978387931781;  2351.30655519965921;  1346.15242907297488;   -17.16804772865737;  -741.77766351228297;  2491.84307491678874;  2548.07580622408068;   750.77681337171771;-11124.94624759497674; -5266.01259791740995; 10754.17936420168735; -1041.26422045289019; -1258.98008421600889; -1432.52738802827525; -1940.67998216860724; -5012.57547736516244; -1638.93129464861613;  2548.07580622408068;  9226.29563400116604; 10840.52175039552094;-22905.31155612046859;-10124.10569778991157; 17260.49336129251606; -4015.93140606354609; -5597.27443146036239; -8622.95012380456501; -3186.56262369228352; -8665.39254681099192;-11034.58605474597243;   750.77681337171771; 10840.52175039551730; 24897.58299406000151"," 45564.359900210940395;  1791.947465639120310;-25966.298719520407758; 21650.456324031911208;  4393.752584472793387;  3459.891110939952341; -4810.590285982028945;  3889.475001101471207; 19676.464846228485840; -5757.911763169020560;-11124.942368310603342;-22905.314632709250873;  1791.947465639120765;  8783.616435803205604; -3955.118889784497242; -4042.055766537438558;  1553.589295115002187;  3605.953927624114840;  2912.003724802728357;  4937.721328013150924;  1250.311658221856305;   186.709590044063674; -5266.021525505736463;-10124.089580951074822;-25966.298719520411396; -3955.118889784497242; 18694.798850819781364; -9230.736246426553407; -3155.965103019468643; -2343.474270257865555;   197.903231261441647; -5258.640752101557155; -9280.999613290267007;  3756.418211824247010; 10754.184766437825601; 17260.493651962657168; 21650.456324031911208; -4042.055766537437648; -9230.736246426553407; 14676.482414846548636;   825.458988643383009; -1271.946862247854369; -5823.359642960384008; -2222.033413293446301; 10435.027996070364679; -2982.579006634060988; -1041.264371542783465; -4015.924939289940539;  4393.752584472793387;  1553.589295115002187; -3155.965103019468643;   825.458988643383236;  1916.708833804382721;  3028.442716488752922;  1007.074167470976477;  1773.209636629525903;  3005.933953394072432;   858.196796607129272; -1258.984571910287059; -5597.274795468933007;  3459.891110939952341;  3605.953927624114840; -2343.474270257865101; -1271.946862247853915;  3028.442716488752922;  7200.395221176263476;  2956.623422320707959;  3473.580811942554192;  2896.554436101701867;  2351.299468374907519; -1432.536519032210208; -8622.945941243331617; -4810.590285982028945;  2912.003724802729266;   197.903231261441420; -5823.359642960384917;  1007.074167470976590;  2956.623422320708869;  3884.015388613126106;  2971.377283554648784; -3069.871251458729603;  1346.162846916671469; -1940.673949153356034; -3186.566504805229215;  3889.475001101472117;  4937.721328013150014; -5258.640752101557155; -2222.033413293445847;  1773.209636629525903;  3473.580811942554192;  2971.377283554648329;  4333.780792290435784;   721.600916531399093;   -17.173185672553426; -5012.570748447107690; -8665.381239604699658; 19676.464846228485840;  1250.311658221856533; -9280.999613290268826; 10435.027996070364679;  3005.933953394072432;  2896.554436101701413; -3069.871251458730057;   721.600916531398184; 12441.118211353945298;  -741.800971737877148; -1638.923824080101895;-11034.576806790733826; -5757.911763169020560;   186.709590044063674;  3756.418211824246555; -2982.579006634060988;   858.196796607129045;  2351.299468374907519;  1346.162846916671469;   -17.173185672553426;  -741.800971737877376;  2491.855761943018479;  2548.070999414132530;   750.788480497252749;-11124.942368310605161; -5266.021525505736463; 10754.184766437827420; -1041.264371542783465; -1258.984571910287286; -1432.536519032209753; -1940.673949153356034; -5012.570748447108599; -1638.923824080102804;  2548.070999414132530;  9226.292280023722924; 10840.515545644397207;-22905.314632709250873;-10124.089580951073003; 17260.493651962653530; -4015.924939289940539; -5597.274795468933007; -8622.945941243331617; -3186.566504805229215; -8665.381239604699658;-11034.576806790733826;   750.788480497252749; 10840.515545644393569; 24897.581607025480480"
