regime,n,metric,paired_draws,mean_improvement_percent,median_improvement_percent,improvement_q25,improvement_q75,median_ci025,median_ci975,rfd_win_percent
B0,512,loading projector,32,60.52573685227913,67.35270921270262,50.487075276976434,79.79033400920346,56.61056676820975,75.47549684460994,93.75
B0,512,factor scores,32,-104.05007094310979,-94.27790451268444,-140.29912772575284,-66.88686170444173,-122.6882620069496,-84.55026913161623,0.0
B0,512,observation reconstruction,32,18.23426468832567,17.505824927552865,13.353395094295651,23.92576815863596,15.75399873959893,22.18686634216292,100.0
B0,512,latent-signal reconstruction,32,25.060720635501685,24.43844015831935,18.862294090885754,32.158348286923065,22.617119591255545,29.623712010570703,100.0
B0,2048,loading projector,32,83.0859695693621,87.84209186550757,82.91410034610664,90.25131333095015,85.44860132830198,89.504590144615,96.875
B0,2048,factor scores,32,-26.272560611358198,-23.35726499586929,-40.6426022010955,-8.483019826890333,-31.122187238044173,-15.308674875991475,6.25
B0,2048,observation reconstruction,32,18.502575325808166,20.925743408741344,13.114064821631812,22.583964245683788,18.14090393625879,22.23397482841431,100.0
B0,2048,latent-signal reconstruction,32,27.92815318147434,31.4477515077537,22.4563912329086,34.59585710403038,26.80878026778586,33.88463084951894,100.0
B0,8192,loading projector,32,94.3776181400405,95.50726650530315,93.26585913019305,97.27481517524055,94.14504564198651,96.83434095359034,100.0
B0,8192,factor scores,32,8.620286236308909,10.214521176257641,3.5479279799620596,16.653902821669988,6.41276303844596,15.040629027459701,78.125
B0,8192,observation reconstruction,32,20.08246469894292,21.396415064588233,16.40897691454914,24.82646082490832,17.713626998407406,23.828004680278596,100.0
B0,8192,latent-signal reconstruction,32,30.443933103783777,32.15301945678152,24.56163877472316,38.52610236999117,26.976056918836026,36.83107733883206,100.0
C0,512,loading projector,32,-62.37924487345802,-47.31510898709503,-92.83680612595735,-13.087606661458949,-58.0327477185295,-15.8596360394663,9.375
C0,512,factor scores,32,-169.3130359204272,-162.24819713999403,-215.51258582144968,-136.22365704660797,-201.112271219296,-147.4854000407101,0.0
C0,512,observation reconstruction,32,-2.694785652177883,-2.7134409278003266,-3.646507744224502,-1.883087153483951,-3.270479282003264,-2.052228395977126,0.0
C0,512,latent-signal reconstruction,32,-7.214252165257719,-6.647886213983796,-9.126244806189092,-4.946132568690938,-8.582135078712714,-5.676633952932674,0.0
C0,2048,loading projector,32,-22.29844843563008,-22.09813795449867,-40.01738714318239,-4.110765474405455,-28.833636297725857,-9.988574279010168,21.875
C0,2048,factor scores,32,-73.08703018345517,-73.04352272617095,-85.5404527293409,-60.44417429136299,-81.94369365134172,-64.18795620752728,0.0
C0,2048,observation reconstruction,32,-0.6511707475352251,-0.647592566624341,-0.7404737534435286,-0.5454001958478615,-0.679319580015909,-0.5841982511939585,0.0
C0,2048,latent-signal reconstruction,32,-2.2518155291914947,-2.37507078305752,-2.7849667591472254,-1.6056708918329956,-2.5765545016565174,-1.851749799877448,0.0
C0,8192,loading projector,32,-11.237349138448646,-7.201522205717245,-21.02176400639426,4.619511288233187,-18.909220077563614,2.18014373512966,37.5
C0,8192,factor scores,32,-26.379830532979394,-24.158274672300223,-32.75203141387021,-20.891549815388963,-26.487396060032644,-21.45708987430526,0.0
C0,8192,observation reconstruction,32,-0.14816775859442663,-0.14733899162303996,-0.18202740646178114,-0.12081126359369887,-0.1726587233644601,-0.12631806316283387,0.0
C0,8192,latent-signal reconstruction,32,-0.6406214770842729,-0.626475230570352,-0.7134273226039302,-0.530476448416918,-0.6930377060058164,-0.5893632707692884,0.0
C1,512,loading projector,0,,,,,,,
C1,512,factor scores,0,,,,,,,
C1,512,observation reconstruction,32,17.171258843457828,17.04050130905457,16.316182770221328,17.847518389354075,16.629691082452045,17.63397649329659,100.0
C1,512,latent-signal reconstruction,32,59.48065030512899,59.11219089489083,56.02824216679493,63.40020998638623,56.940731710175626,62.304100069137874,100.0
C1,2048,loading projector,0,,,,,,,
C1,2048,factor scores,0,,,,,,,
C1,2048,observation reconstruction,32,19.13282320091502,19.240352513553685,18.825311147421296,19.478378221343043,19.051895355393135,19.445868738992722,100.0
C1,2048,latent-signal reconstruction,32,79.426364949461,79.25008596753761,78.22056596446946,80.75884568342741,78.45884002194721,80.16156069134377,100.0
C1,8192,loading projector,0,,,,,,,
C1,8192,factor scores,0,,,,,,,
C1,8192,observation reconstruction,32,19.526427149501057,19.496591340408337,19.406690554334478,19.67617711643919,19.439285103755374,19.569226303682534,100.0
C1,8192,latent-signal reconstruction,32,89.01172540119042,89.11756230453241,88.55401269414106,89.35072191889262,88.85145735142726,89.32891064900876,100.0
C2,512,loading projector,32,94.267239280664,95.35510829284806,92.91555580897766,97.10900203718484,93.71588595046968,96.25601955021588,100.0
C2,512,factor scores,32,-264.1673690371189,-161.91169871400785,-293.50345483715125,-130.5104492532102,-239.24341610292618,-135.3030015482023,0.0
C2,512,observation reconstruction,32,96.35197622087694,96.71444324281251,95.77234020496434,97.72591605182129,96.06947389568023,97.4940561181379,100.0
C2,512,latent-signal reconstruction,32,96.35197622087694,96.71444324281251,95.77234020496434,97.72591605182129,96.01619056431319,97.4940561181379,100.0
C2,2048,loading projector,32,97.86384483423235,98.48884985035983,97.44273861638851,98.92718360896656,97.9747832332293,98.81015725024714,100.0
C2,2048,factor scores,32,-73.60481475079959,-41.49742844959006,-88.04303548406554,-23.339227635425395,-66.94514479950365,-31.799086074396733,12.5
C2,2048,observation reconstruction,32,98.45948352947198,98.70843416296447,98.36676871060993,98.92953183551552,98.54446907991048,98.84866106902324,100.0
C2,2048,latent-signal reconstruction,32,98.45948352947198,98.70843416296447,98.36676871060993,98.92953183551552,98.5077419283539,98.84866106902324,100.0
C2,8192,loading projector,32,99.54559184532117,99.67340156559321,99.46276471280291,99.83766718923337,99.55129284644951,99.78590369645738,100.0
C2,8192,factor scores,32,14.452103421898325,22.339940702902396,4.359730427596839,33.97724276970372,12.878831445478758,31.961820469014135,78.125
C2,8192,observation reconstruction,32,99.38572339854849,99.44924832006456,99.28983677495037,99.56404268535908,99.36293474297291,99.5487044416096,100.0
C2,8192,latent-signal reconstruction,32,99.38572339854849,99.44924832006456,99.28983677495037,99.56404268535908,99.36442209486505,99.53891183076117,100.0
C3,512,loading projector,0,,,,,,,
C3,512,factor scores,0,,,,,,,
C3,512,observation reconstruction,32,-3.1634157071322617,-3.301669918983488,-3.951204482093916,-2.276512574193669,-3.7884105889134574,-2.7283821818167477,0.0
C3,512,latent-signal reconstruction,32,-701.4904696223957,-636.6241657259129,-878.6551038238105,-504.09092983211536,-787.9814164079759,-533.096952150931,0.0
C3,2048,loading projector,0,,,,,,,
C3,2048,factor scores,0,,,,,,,
C3,2048,observation reconstruction,32,-0.6351133787820068,-0.6125584728768267,-0.7150912327529706,-0.5325022326822106,-0.6873912200567515,-0.561113966152148,0.0
C3,2048,latent-signal reconstruction,32,-743.9082084236546,-658.1552105946837,-881.9587557641594,-526.5381627760253,-760.5781821971483,-576.0871825965348,0.0
C3,8192,loading projector,0,,,,,,,
C3,8192,factor scores,0,,,,,,,
C3,8192,observation reconstruction,32,-0.14467833427089066,-0.1398624315262948,-0.1792984855888665,-0.13004910364719366,-0.1653860708106714,-0.1321235377962423,0.0
C3,8192,latent-signal reconstruction,32,-772.2769394981833,-735.1906228046633,-1006.4472619667337,-537.5397966912456,-947.8956708881236,-609.9543391141892,0.0
G-C,512,loading projector,32,57.49843200977877,68.45699489816778,37.70036508252043,78.57534522095912,53.39634135735307,76.0761440689659,93.75
G-C,512,factor scores,32,-100.93221566682539,-87.33328316503462,-135.1709650923128,-61.97963052008905,-120.68384695912205,-80.45791451992977,0.0
G-C,512,observation reconstruction,32,20.975458611087216,20.271524035527698,16.81011694241485,25.911939160253105,17.95490729406182,24.702888212171047,100.0
G-C,512,latent-signal reconstruction,32,28.7396857303877,28.247186375995316,23.460053465806354,34.52226036575969,25.860319597069175,32.078130827916524,100.0
G-C,2048,loading projector,32,85.88191374234478,88.40287941553385,84.0748993299693,90.41388524309292,86.66469203738806,89.87545189662825,100.0
G-C,2048,factor scores,32,-22.560106209173046,-21.19344272350274,-33.34369077376529,-4.743418899049247,-26.729459408123287,-11.731179467188673,9.375
G-C,2048,observation reconstruction,32,21.301416027207765,23.512144834895228,16.765222746050426,24.796739186991328,21.067002915863295,24.231042337799,100.0
G-C,2048,latent-signal reconstruction,32,31.583309437361407,34.814605283035405,26.959489161348586,36.902681856729245,30.90865165370773,36.149569660949794,100.0
G-C,8192,loading projector,32,94.04123462491617,95.48143306869967,93.38853570408997,96.91904981095911,93.84717655676688,96.02698542954681,100.0
G-C,8192,factor scores,32,10.603643015567325,13.944985702535638,4.687807785498885,17.18358105499707,9.159108897974033,16.3127643846156,81.25
G-C,8192,observation reconstruction,32,22.873176088052283,23.95041524248314,18.827870662241914,27.21025306603297,20.625945903801078,26.234321968548922,100.0
G-C,8192,latent-signal reconstruction,32,33.85281058224454,36.46649985826046,27.973049474147935,39.95343789457283,30.17671767851095,38.82761097840051,100.0
I-A,512,loading projector,32,-62.03409545283074,-52.36333448130716,-89.50282955390648,-27.468867912262574,-78.69986489577343,-33.059361330212276,9.375
I-A,512,factor scores,32,-67.14343172358906,-65.5334206145206,-90.60490969884215,-45.396737807356644,-89.27372592305946,-48.89319099938706,3.125
I-A,512,observation reconstruction,32,-2.6074003559954804,-2.412169505582706,-3.449465682415207,-1.8856928842037881,-3.003452314436014,-2.0679356578078547,0.0
I-A,512,latent-signal reconstruction,32,-6.651048821973374,-6.169498588417854,-7.163157131191976,-5.209367641024556,-6.9007161220210955,-5.422758157757498,0.0
I-A,2048,loading projector,32,-15.970113236776719,-16.093934444239153,-37.12743100989131,7.837252344920236,-24.89500496611331,-6.0904873282129675,28.125
I-A,2048,factor scores,32,-7.537412485223486,-8.367222753927132,-13.977138457278741,0.4989087881425836,-12.513015324537273,-2.4466726362742497,28.125
I-A,2048,observation reconstruction,32,-0.633840555904328,-0.628846389276527,-0.7815891052953569,-0.47860506732811087,-0.7538987236258023,-0.5528470233592295,0.0
I-A,2048,latent-signal reconstruction,32,-2.0381471313091604,-2.104118348325165,-2.3746955605076137,-1.6560355665586397,-2.275980149709454,-1.7197628047499138,0.0
I-A,8192,loading projector,32,-11.959330693875199,-14.540074091500493,-24.449555263883163,2.873587746420287,-22.431823988128127,-0.7017970157308252,31.25
I-A,8192,factor scores,32,21.103299833449544,22.05825590091475,17.316291546846905,25.11979417864795,20.45671901660709,23.727727469341822,100.0
I-A,8192,observation reconstruction,32,-0.14882216758098282,-0.15399296406506818,-0.16814406475255922,-0.12565036802120755,-0.1640804222165264,-0.13791908704384725,0.0
I-A,8192,latent-signal reconstruction,32,-0.587762432822033,-0.5723478980447989,-0.6465421515356939,-0.5328488523666696,-0.595071634490559,-0.553648747746115,0.0
I-M,512,loading projector,32,50.9891018046457,59.4298056908255,47.727757946618354,68.06203653229086,51.576749826667964,63.84979209535205,93.75
I-M,512,factor scores,32,-89.85826266613425,-83.83102349929102,-126.55328212241537,-66.04972522599493,-115.9546886785072,-69.7658652095646,0.0
I-M,512,observation reconstruction,32,13.236057051676438,12.784204766748635,11.8096090959744,14.586918806178549,12.137646547104932,14.288322828422979,100.0
I-M,512,latent-signal reconstruction,32,19.37318740696385,19.441545460171433,17.966440002250437,21.061073816575494,18.10579997438945,20.94876519890999,100.0
I-M,2048,loading projector,32,74.4247635312106,75.71140617930064,70.06779141118304,81.17655424150286,71.13539517874021,78.93243827706623,100.0
I-M,2048,factor scores,32,-22.826333141240546,-25.50820284922161,-30.888149007836066,-12.968447459265086,-28.940783596693027,-15.040879364969532,6.25
I-M,2048,observation reconstruction,32,14.474403174744696,14.41406402149547,13.970863966602103,15.100557207852756,14.20961119529127,14.874348007329372,100.0
I-M,2048,latent-signal reconstruction,32,23.230753573241167,23.312726976191104,21.966323259810824,24.145875681267004,22.907157033515265,23.942632739358736,100.0
I-M,8192,loading projector,32,88.74140870307932,89.67184586570993,86.60772524879313,91.96121770883283,87.89344909685425,91.59075228981878,100.0
I-M,8192,factor scores,32,11.027903457619164,11.858049559638381,5.986259444387,15.972013424702148,9.929424678840098,14.249131904587813,93.75
I-M,8192,observation reconstruction,32,14.90746075478297,14.936004882593997,14.604951843882388,15.31499959916801,14.7018717050888,15.180157508989193,100.0
I-M,8192,latent-signal reconstruction,32,24.276948384584742,24.01943034255894,23.48549155914261,25.30950301113938,23.63593813910895,24.86610096094596,100.0
I-O,512,loading projector,32,70.13844140128654,78.61686747257141,57.15212281033781,86.96676746710655,73.16712251521872,83.09736873801363,96.875
I-O,512,factor scores,32,-133.50412512984676,-131.58607085874587,-196.74211910211233,-87.72067663102115,-170.66263997431508,-101.4183622399433,3.125
I-O,512,observation reconstruction,32,28.0284545013154,27.35390164422192,25.270797898554555,29.690049370810513,25.663386627561696,28.633625457203596,100.0
I-O,512,latent-signal reconstruction,32,38.33251593159289,36.00579885603035,34.65880235098422,40.83749773067171,34.792425827634105,38.74660465392381,100.0
I-O,2048,loading projector,32,77.15196056665297,83.8131849489026,70.45891560461303,89.52684490813255,74.85064724131716,86.92185542531418,100.0
I-O,2048,factor scores,32,-66.33848264967136,-68.84512497362257,-80.23786412017056,-53.94508027822552,-79.33714151958972,-57.761440216374396,0.0
I-O,2048,observation reconstruction,32,26.616604663937338,26.30258326848783,25.507754616736367,27.087762891026284,25.746991873756166,26.834877298922855,100.0
I-O,2048,latent-signal reconstruction,32,39.299374328181855,38.79222368490561,37.62358993669144,41.165855088577125,37.93009649760259,39.99290718040844,100.0
I-O,8192,loading projector,32,77.95073153495053,84.28491965890409,77.4652002586058,91.00476554352775,79.58566252160469,89.95380872801118,96.875
I-O,8192,factor scores,32,-25.38416127834818,-23.824484235986695,-31.836396887909864,-18.990068170829115,-27.040176558810426,-21.24331324438743,0.0
I-O,8192,observation reconstruction,32,26.472014992932216,26.321874126217352,25.889371711474674,26.607224531541874,26.000866036200527,26.5281103844944,100.0
I-O,8192,latent-signal reconstruction,32,39.270945803300904,39.17273689558895,38.35849676097055,39.89110037266265,38.92880134981301,39.49405882320185,100.0
P-A-000,8192,loading projector,32,-3.004933044895719,-3.753841231422869,-10.904766020481084,7.493812181262683,-8.003304153913488,6.652764734282394,46.875
P-A-000,8192,factor scores,32,-26.046212738817736,-24.558557267903986,-29.99912891800135,-20.32510373188651,-27.837222635912298,-22.47162720340314,0.0
P-A-000,8192,observation reconstruction,32,-0.1410448990442294,-0.13916711999857428,-0.17354130487582042,-0.09763991007509112,-0.16717664461034004,-0.10990756250040537,0.0
P-A-000,8192,latent-signal reconstruction,32,-0.5829082316100449,-0.5707332909873761,-0.6328768616357676,-0.5360657107374563,-0.6087615117477007,-0.5448815159986541,0.0
P-A-010,8192,loading projector,32,-2.9739178116453377,-3.8326038773361297,-11.173896037776704,6.951205381223855,-7.625997413241897,5.593479039236694,46.875
P-A-010,8192,factor scores,32,-18.713908285978825,-17.30931324484534,-22.185404303163438,-13.730923228645874,-20.608660051611512,-15.965044398295053,0.0
P-A-010,8192,observation reconstruction,32,-0.1411635087962216,-0.139593685017376,-0.17288341095993878,-0.09585762428085379,-0.16962089844452205,-0.10675599655095894,0.0
P-A-010,8192,latent-signal reconstruction,32,-0.5825726937866127,-0.5674104252830827,-0.6300043119953822,-0.5359311411250317,-0.609545073256251,-0.5440407114971841,0.0
P-A-020,8192,loading projector,32,-3.390929150423246,-3.7804868165515693,-11.317211595497835,5.93568012945441,-8.41233436271171,4.7537369077101825,40.625
P-A-020,8192,factor scores,32,-2.6429614338380865,-1.7018734842307017,-5.272446431751277,1.4249403186027043,-4.507397007593561,-0.6605147486126535,31.25
P-A-020,8192,observation reconstruction,32,-0.1408491041229118,-0.14031706485023124,-0.17054636318749739,-0.09412950381398195,-0.16356697823377203,-0.10573200325961948,0.0
P-A-020,8192,latent-signal reconstruction,32,-0.5825737163948609,-0.5651470778692254,-0.6324409504208954,-0.5320992885041451,-0.6120425432708002,-0.5471484173924073,0.0
P-A-035,8192,loading projector,32,-4.649336483922249,-4.290542682038002,-10.488844956055644,5.400495474446158,-8.84495918978241,2.912328411828588,40.625
P-A-035,8192,factor scores,32,21.125172747721113,21.62668778020197,19.37022997987476,24.121622136255304,20.00872415590843,22.728447407370112,100.0
P-A-035,8192,observation reconstruction,32,-0.13945392572915816,-0.1421100920655869,-0.16742011801980938,-0.08996206044483512,-0.1625689627095027,-0.10383512017855705,0.0
P-A-035,8192,latent-signal reconstruction,32,-0.5828004974961343,-0.5590925779647324,-0.6281966752848943,-0.5268161501138509,-0.611898618521926,-0.5439794691430908,0.0
P-A-050,8192,loading projector,32,-6.240244333034218,-4.1682980959431895,-11.765334436081169,4.918847933024924,-8.149104067819598,2.2574248917844653,43.75
P-A-050,8192,factor scores,32,38.26913051621793,38.702131048933396,36.9490005666521,40.60089021388449,37.48881347365992,39.620530433005115,100.0
P-A-050,8192,observation reconstruction,32,-0.13685844624762794,-0.14086245227720096,-0.1683576645073431,-0.08544095216979017,-0.1589033632624403,-0.0989619843645794,0.0
P-A-050,8192,latent-signal reconstruction,32,-0.5826209621555798,-0.5625934180019091,-0.6317160338850681,-0.525929748601055,-0.6170398757977376,-0.5407034036345744,0.0
P-M-000,8192,loading projector,32,-0.9010736120401258,-2.2687230424949654,-10.07314800297041,8.17384470156249,-6.936732128800831,3.968652492122252,43.75
P-M-000,8192,factor scores,32,-27.02224946842904,-25.394662165940673,-30.81726158048476,-21.87254376879886,-28.76684470663645,-23.014328073682925,0.0
P-M-000,8192,observation reconstruction,32,-0.13864693327870176,-0.14243448677269557,-0.17030104220759473,-0.09924070057360299,-0.1681337373757056,-0.10681392891545217,0.0
P-M-000,8192,latent-signal reconstruction,32,-0.6031525890296252,-0.6041946687270225,-0.7048239784897581,-0.5036415416381813,-0.6844739990678623,-0.525676161308706,0.0
P-M-010,8192,loading projector,32,19.272816422995184,17.665034621429726,13.084579916542493,26.022106339394714,14.749181150947104,23.487085035980247,90.625
P-M-010,8192,factor scores,32,-22.89108615169667,-21.59825605523889,-26.440885815215236,-18.25464054160832,-24.436811151796043,-18.96438814319246,0.0
P-M-010,8192,observation reconstruction,32,1.5428758828941473,1.5289257201779938,1.4665500011274775,1.6533100503052434,1.4793226433144302,1.6229803281672806,100.0
P-M-010,8192,latent-signal reconstruction,32,2.6228875702011374,2.61936864687317,2.490648517512793,2.7242243911147597,2.551463275227311,2.685155422220259,100.0
P-M-020,8192,loading projector,32,68.59377452950562,67.64599479867861,61.39279931834103,76.10992408897121,63.886133632867214,73.4577458550762,100.0
P-M-020,8192,factor scores,32,-11.862699771082893,-10.70612509522834,-15.078794920638787,-7.607677952923237,-13.091786248634977,-8.790526736073408,3.125
P-M-020,8192,observation reconstruction,32,5.983231897298182,5.961956727156306,5.77551013413437,6.212815780363991,5.803734775625556,6.1688966457282906,100.0
P-M-020,8192,latent-signal reconstruction,32,10.503659257091366,10.5028933006813,9.991628818682486,10.991728231247668,10.176452730113358,10.847123494835216,100.0
P-M-035,8192,loading projector,32,89.02990611670398,89.0317831380039,87.34031329469552,91.7401358312302,87.74065878626973,90.95538362040844,100.0
P-M-035,8192,factor scores,32,10.55426227188621,11.620615638175016,7.765636947168645,14.109269409656886,8.542349349209184,13.145243172289193,96.875
P-M-035,8192,observation reconstruction,32,15.015131185200364,15.023485000098237,14.64288354358624,15.511239745489952,14.734630767421795,15.336385826847968,100.0
P-M-035,8192,latent-signal reconstruction,32,24.21579485310467,24.209960436848174,23.148513585568068,25.15095721701004,23.545003343075706,24.957672792539338,100.0
P-M-050,8192,loading projector,32,94.26096620825673,94.28826343974822,93.44260077785098,95.71533421021701,93.7288548179109,95.2433110804387,100.0
P-M-050,8192,factor scores,32,31.41902113721723,31.659372841313534,29.16128049249108,34.42043483844249,29.632869841616227,33.37444670056189,100.0
P-M-050,8192,observation reconstruction,32,23.716951199143097,23.731117619069906,23.249812664958178,24.377660263452587,23.384974580333747,24.210690769648146,100.0
P-M-050,8192,latent-signal reconstruction,32,35.320425783502166,35.25310465258019,34.01481459660358,36.409014031628786,34.49797407965562,36.24313721083637,100.0
P-O-000,8192,loading projector,32,-2.6459364949129407,-3.691440497929465,-9.628195975535204,6.34528486643929,-8.447214642529545,3.60078231635703,37.5
P-O-000,8192,factor scores,32,-28.346080396783023,-27.39098997154327,-33.559239300341765,-22.468832269025505,-30.24878028412323,-24.432549436118624,0.0
P-O-000,8192,observation reconstruction,32,-0.13774273346933347,-0.14212829388844173,-0.17700583195954656,-0.10815778276441577,-0.16956998215790745,-0.1205354838291137,0.0
P-O-000,8192,latent-signal reconstruction,32,-0.6523072161644216,-0.632201298559119,-0.7257347838192911,-0.5641625349133219,-0.7006313399424374,-0.5900144031471697,0.0
P-O-010,8192,loading projector,32,13.533357493557968,17.91656889375614,3.6086944861939925,22.64982035630635,6.789522634815125,20.94635115148165,84.375
P-O-010,8192,factor scores,32,-28.332305293568407,-27.34391525517296,-33.41255222497389,-22.536347074243587,-29.86414571877563,-24.35938159249244,0.0
P-O-010,8192,observation reconstruction,32,3.0975865180907194,3.080506703306528,2.9631629562568422,3.1968300032090715,2.9826304462154596,3.154966999608894,100.0
P-O-010,8192,latent-signal reconstruction,32,5.8082828371987265,5.778388895045216,5.630128929981556,6.008809516718187,5.6573798905113035,5.903004725483737,100.0
P-O-020,8192,loading projector,32,38.64369721300457,44.806809579132555,25.230164429790346,51.62377948498874,32.982564272115894,50.06618964737837,93.75
P-O-020,8192,factor scores,32,-28.301612758953386,-27.25796020779908,-33.15930016395437,-22.635870046112633,-30.455653602723544,-24.262503460934802,0.0
P-O-020,8192,observation reconstruction,32,11.182598103072358,11.152807537416624,10.854230278412926,11.350193640235661,10.981598164976003,11.30184023722754,100.0
P-O-020,8192,latent-signal reconstruction,32,19.595853968323446,19.602234885876634,19.105288158306973,20.004374452684434,19.294897341013257,19.833819714387317,100.0
P-O-035,8192,loading projector,32,81.19186208064554,87.00921647042368,79.66339874253995,90.83377142950188,82.50538249238973,89.88860628939783,100.0
P-O-035,8192,factor scores,32,-26.051146834627815,-24.777580758770192,-29.87912136623408,-20.3716662757207,-27.534179091647836,-22.560038433953416,0.0
P-O-035,8192,observation reconstruction,32,26.3316269104042,26.203468035409333,25.88576658934022,26.605595700700626,26.028398990162987,26.373767005206744,100.0
P-O-035,8192,latent-signal reconstruction,32,39.64760027307413,39.33574169626493,38.999048121041,40.37784678987872,39.12773983761697,40.00253371241094,100.0
P-O-050,8192,loading projector,32,98.5396564566537,98.56840223638068,98.39910615854897,98.72666948451794,98.53895240025749,98.69827038403469,100.0
P-O-050,8192,factor scores,32,56.965496023553555,56.889228153084005,55.5931711119637,58.55866684271166,55.995732387854325,58.32192059863305,100.0
P-O-050,8192,observation reconstruction,32,44.47336283793824,44.474797370820355,43.997978545371986,44.734587031929834,44.25898663718555,44.65086729150562,100.0
P-O-050,8192,latent-signal reconstruction,32,58.661994643429225,58.66593866574415,57.97969489896918,59.1969791966106,58.19375264935878,59.04394652064499,100.0
V-L,512,loading projector,32,37.46174193698447,52.477442463724756,19.707812578733936,63.86188355713676,29.194537409204287,58.62049509358619,87.5
V-L,512,factor scores,32,-102.58857547557434,-96.48081131750004,-144.63146675556177,-52.977136406436415,-133.98699051384304,-72.67746015679052,0.0
V-L,512,observation reconstruction,32,13.415262984215731,13.15651051263449,6.30557006599837,19.88499389668775,9.439386587551118,17.847598306400094,90.625
V-L,512,latent-signal reconstruction,32,14.214920288478641,14.177464701349626,5.551740553716491,22.167045900069624,11.003005399917793,20.154621013550322,87.5
V-L,2048,loading projector,32,75.65655184957302,78.61650977882421,69.14311398141548,86.12258055136034,72.40668129962111,83.45641882054035,100.0
V-L,2048,factor scores,32,-27.12539245507826,-25.40475267359176,-38.4901332884675,-9.491080840644317,-32.281568377949284,-13.33028483753103,9.375
V-L,2048,observation reconstruction,32,17.325881780860882,19.730578588584635,11.900455638531463,22.08108072149115,16.920491510674907,21.165973471358853,100.0
V-L,2048,latent-signal reconstruction,32,24.078001591701256,27.306100141933385,17.09135064154738,31.2578572009563,22.808719832041103,30.327762722434173,96.875
V-L,8192,loading projector,32,90.04649299356734,92.35678658470596,86.04122002632215,93.92677436540939,89.8598674291344,93.36373691674385,100.0
V-L,8192,factor scores,32,8.62444573973467,9.726916335439011,3.7362014787582405,16.85735411231432,6.3774225717400315,15.545836226756187,78.125
V-L,8192,observation reconstruction,32,19.922933197672897,21.766485728248433,16.145631763204204,24.70016422675823,17.562843611560762,23.805894147897554,100.0
V-L,8192,latent-signal reconstruction,32,29.296539356969227,31.027651799897257,23.892753732428748,37.34321439465262,25.84836603062664,34.963683945775685,100.0
V-R,512,loading projector,32,63.34724163844605,68.66297558256085,54.12921310601731,81.56298266921632,59.46678339165276,77.63609309054729,93.75
V-R,512,factor scores,32,-98.34567874176697,-86.21480331453492,-135.65745943404562,-63.29388722371911,-118.37282532784762,-74.53656847141261,0.0
V-R,512,observation reconstruction,32,19.358335497799462,18.549255789470358,13.973589629999152,25.366965923694316,16.444800262638694,23.159893834567505,100.0
V-R,512,latent-signal reconstruction,32,26.447947478242337,25.736347708520125,19.65612843600379,33.891219397158345,23.92396538494481,31.201453711484756,100.0
V-R,2048,loading projector,32,85.76474715040828,88.90908360738277,84.54356668482359,91.19900094506457,86.91160925385805,90.19047057707083,100.0
V-R,2048,factor scores,32,-23.04581581418405,-19.679298454249,-37.64306472690946,-6.292552785622913,-28.061532884797373,-11.468820111404908,15.625
V-R,2048,observation reconstruction,32,19.479105218178837,21.931874413198713,13.755521493996344,23.885191532932186,19.068780320880283,23.574598334804843,100.0
V-R,2048,latent-signal reconstruction,32,29.132033004473485,32.67374421682664,23.372067117524338,36.16225406378494,28.072196623275627,35.28301399470474,100.0
V-R,8192,loading projector,32,94.85444357635984,95.85393409312795,93.75957004251791,97.46976802859419,94.73669978853822,97.03275286048745,100.0
V-R,8192,factor scores,32,11.13754935994088,13.053110838716787,6.024335997985001,18.974796850748007,9.08991701277475,17.49446698475977,84.375
V-R,8192,observation reconstruction,32,21.10347599223719,22.40783016993771,17.161529563995558,26.056832452753774,18.475295748842726,25.038156130922584,100.0
V-R,8192,latent-signal reconstruction,32,31.673339140971336,33.318815482214006,25.569990461366668,40.25521185161553,26.63934254208875,38.10070650673531,100.0
