n,variant,label,replicates,nrmse_mean,nrmse_median,nrmse_q25,nrmse_q75,calibrated_nrmse_mean,calibrated_nrmse_median,calibrated_nrmse_q25,calibrated_nrmse_q75,norm_ratio_mean,norm_ratio_median,norm_ratio_q25,norm_ratio_q75,cosine_mean,cosine_median,cosine_q25,cosine_q75,scale_mean,scale_median,scale_q25,scale_q75
240,ff,complete RFD,64,0.9567143560152576,0.9618235691324437,0.8114020255939866,1.1066222118884463,0.7237648224876535,0.7355115181622158,0.6446019856426903,0.8005529368427792,1.285802682051926,1.2434118202410303,1.163919966983812,1.3808385229690412,0.6728607850467363,0.6775116519788025,0.5992560115057631,0.7645118327784448,0.5345304108815012,0.5253585159966792,0.43822242575441,0.6156736412005439
240,fixed,fixed-centre comparator,64,0.39423250125664433,0.3985398868300388,0.345031382294953,0.4386007602743778,,,,,,,,,,,,,,,,
240,ft,RFD rows + true directions,64,0.9515673919317055,0.9546158182224593,0.7982821220757998,1.1039089718164714,0.7210083090294401,0.7334999357519294,0.6426413312961514,0.7990089694586078,1.2841863879884046,1.2409007381439634,1.1632624031363354,1.379552422610309,0.6759273550810555,0.6796885539335759,0.6013101419303739,0.7661605297495843,0.5375871754421699,0.5302389899572812,0.4432105963767311,0.617654480581173
240,of,oracle rows + RFD directions,64,0.2768418044331806,0.27606089164858516,0.26114460813554596,0.2905373427606157,0.26780085489962524,0.2681649813976228,0.253915492786794,0.2811945938459524,1.0323732239482197,1.0326762753551058,1.0257195734281335,1.0408275008786825,0.9632501820206181,0.9633724739955793,0.95965035981691,0.96722640464458,0.9332013310784278,0.9325324061598668,0.9234456956061423,0.9412086856442838
240,oo,oracle rows + oracle-fit directions,64,0.27648518270741984,0.27785255407206166,0.2619045318242893,0.2911150870531,0.26685705520005565,0.2681124298574039,0.2542105690997211,0.28145642225905154,1.034900999426113,1.034391370905675,1.0275635225188824,1.0440928250657304,0.9635181838021121,0.9633876020215774,0.9595738484510108,0.9671487146922934,0.9311714499724378,0.9320894287368187,0.921376397313542,0.9382173897979156
240,ot,oracle rows + true directions,64,0.27618223185673385,0.2755271969462667,0.26101083209217885,0.29135156967415626,0.26640698362104887,0.26622290871221443,0.25409848384586087,0.2816449164724476,1.0355539517757977,1.0353354899174636,1.028304623082291,1.0443611203640257,0.9636501868760279,0.9639108341032946,0.9595184881154538,0.9671783151682243,0.9307106963564913,0.9313487114557226,0.9215032842693469,0.9382963413853206
512,ff,complete RFD,64,0.7460998651067413,0.7468563412760099,0.6434361929223823,0.837269622614962,0.6192357190783755,0.6238077554593277,0.5763143518174545,0.6722957282358346,1.1856791905250605,1.1729071739096704,1.1162020317740269,1.2289738923296012,0.7786892018728052,0.7815768493392393,0.7402817537958134,0.8172265564917054,0.6638944538894832,0.6699745610389813,0.585982363962176,0.7339082559558636
512,fixed,fixed-centre comparator,64,0.3966990736629178,0.40288203585323534,0.38101883082594834,0.4299468480139844,,,,,,,,,,,,,,,,
512,ft,RFD rows + true directions,64,0.7442141056078275,0.7427549642337434,0.6420478283374277,0.8359616796977685,0.6179484989145336,0.6217107033258902,0.5750944190511513,0.6710312668152728,1.1852520621597362,1.172033169190562,1.115885427402682,1.2279950383479612,0.7797110271703983,0.7832466372903604,0.7414282034061515,0.8180840850766494,0.6649734547573383,0.6703062220443136,0.5899982445314527,0.735265119405941
512,of,oracle rows + RFD directions,64,0.27802069689982317,0.27925230346908914,0.2665618223289008,0.28675148075132073,0.2679456400712356,0.26978299634507635,0.25879929411829355,0.27587088202467513,1.037085024997091,1.0376832181401174,1.0315496596241291,1.0408022268909294,0.9633289530399585,0.9629211194355185,0.9611947005386067,0.965931069256421,0.9289419967980127,0.9287068034383468,0.9235042553991268,0.9361065636970672
512,oo,oracle rows + oracle-fit directions,64,0.27797922074618997,0.27875282668517365,0.2669327956836974,0.2873660338502578,0.2676702850773185,0.26836817869209306,0.2586663025110616,0.27603275796862553,1.0380049523357242,1.038512588488406,1.0329940403423161,1.0420316808803685,0.9634068470007896,0.9633163796291921,0.961148181226727,0.9659666593979201,0.9281938658275082,0.9280334511082404,0.9221121328360021,0.9346573328488341
512,ot,oracle rows + true directions,64,0.2779612226186766,0.2790090076212391,0.26652550204643327,0.28749852396139464,0.2676054784114742,0.26848276311298525,0.258315541544706,0.276001434999924,1.0381915216618345,1.0386934403850294,1.0329242721108896,1.0424088008818786,0.9634216797176658,0.9632844787021342,0.9611571289171649,0.9660601175428117,0.92804055034539,0.9279212705726168,0.9218752358058555,0.9346333970305192
2048,ff,complete RFD,64,0.49103125538168085,0.47572267578541416,0.45131297484335176,0.5136717896371439,0.4492306228745069,0.4403642825856235,0.41888474357385913,0.46984663799624826,1.0881469566791295,1.0791254514352404,1.0678894966923604,1.1002878151272846,0.8918335636563777,0.8978187951195225,0.8827479264349292,0.90803938472286,0.8205344211930663,0.8280962345952999,0.8009751266352259,0.8476799324357343
2048,fixed,fixed-centre comparator,64,0.3809194304738667,0.3944415040453447,0.35900758093269053,0.41459829980162743,,,,,,,,,,,,,,,,
2048,ft,RFD rows + true directions,64,0.49083336802840105,0.47573222726346776,0.4515269944306952,0.5133493903399191,0.44905463539299706,0.44012172291483426,0.41883757626366647,0.4697641560083046,1.0881499576620381,1.0795525532145065,1.0678569240506603,1.1002379989293274,0.8919240624410054,0.8979378655189798,0.8827918905685707,0.9080611264645031,0.820613532550276,0.8282018063666694,0.8011825471837931,0.8477424610799049
2048,of,oracle rows + RFD directions,64,0.27585940687852173,0.2779344926794667,0.2700075220679458,0.2817270285992094,0.2659066892930999,0.26812214152880154,0.2617012734946664,0.2709750811618035,1.0372480880325277,1.0378473425648063,1.033366786495184,1.0398862284140904,0.9639573733351665,0.9633849265770752,0.962586361500179,0.9651487978199945,0.929365050547399,0.9287137092776583,0.9260554939762684,0.9330686939354587
2048,oo,oracle rows + oracle-fit directions,64,0.2758279995646733,0.2779506452504081,0.26997849171494787,0.2819134750386615,0.26586320490434834,0.2680247551010489,0.26156617962283496,0.2710297106453803,1.037301228908579,1.0378527984517465,1.033694618619489,1.0399437629127406,0.9639695908002608,0.9634120253082753,0.9625709712505561,0.965185478911855,0.9293290329500803,0.9287701747891175,0.926049510960272,0.9330365307226409
2048,ot,oracle rows + true directions,64,0.27583969478408055,0.2779383381851531,0.2701676357139112,0.28239189330916825,0.2658553478176244,0.26820441427249336,0.2615837101862454,0.27129050899271673,1.0373770055704585,1.0378806548289101,1.0337754186719181,1.0401976629688257,0.9639711145944069,0.9633620254575672,0.9624974533890818,0.9651807865323231,0.9292623567104166,0.928747289888823,0.925913162409562,0.9329140659281597
